	ABL1	SRP72
BA2000	0.0146845710165825	515.1414580468389
BA2003	0.0095313626532083	390.3205895160881
BA2004	0.0112418889689978	496.1064699366191
BA2006	0.0060003604902667	126.61155638910635
BA2011	0.0100919250180245	402.8203499049563
BA2019	0.0196629416005767	542.6868051982807
BA2020	0.0263392213410237	1236.2852693021316
BA2022	0.0168979812545061	931.4740650181104
BA2023	0.0098017303532804	284.6858981292819
BA2024	0.0110868781542898	509.85184952254247
BA2025	0.0185724585436193	727.0528319252791
BA2031	0.0146377072819033	429.58655600285647
BA2032	0.0132462148521989	495.47253360750767
BA2033	0.0081723143475126	870.819990806465
BA2034	0.0197494592645998	899.9580880883395
BA2035	0.0183687815428983	631.1544193759557
BA2036	0.0147530641672674	477.7863067870616
BA2037	0.0234264599855803	932.1278807200372
BA2041	0.01598774333093	513.6852739406056
BA2044	0.0127793799567411	419.9933270616326
BA2046	0.0203460706560922	989.5217223788892
BA2047	0.0213968997837058	850.9098934204102
BA2050	0.0107462148521989	439.4813475346555
BA2051	0.0223882480173035	721.1202102295787
BA2052	0.013585075702956	596.7577284362619
BA2053	0.0078983417447728	641.6137617430475
BA2054	0.0082660418168709	606.0549903328758
BA2055	0.0044250180245133	40.41452634530221
BA2063	0.033361571737563	347.63106057752526
BA2065	0.0192790194664744	641.1138079445967
BA2066	0.0210976928622927	1024.3235344305704
BA2068	0.0152397260273972	310.8996351336913
BA2069	0.0120782263878875	629.537543907831
BA2072	0.0101243691420331	340.0580796996585
BA2079	0.0053911319394376	266.78569791298344
BA2080	0.0201568132660418	573.1689582453446
BA2081	0.012382840663302	423.72421106650006
BA2082	0.0226405912040374	795.8622148891225
BA2087	0.0131452775775054	368.9962438985023
BA2088	0.016995313626532	648.1332497433348
BA2089	0.0200973323720259	1391.091622491957
BA2093	0.0109012256669069	530.6453880994583
BA2094	0.0125342465753424	758.4458097536776
BA2095	0.0175198269646719	597.531674873243
BA2096	0.0067429704397981	417.36279524205867
BA2097	0.0227577505407354	1130.8351383154848
BA2098	0.012664023071377	269.34033992003435
BA2100	0.0066240086517664	252.96698739394077
BA2101	0.0096467195385724	422.1039356983594
BA2104	0.0069358327325162	337.33879132866
BA2106	0.0121449170872386	616.9628520841356
BA2109	0.0096160778658976	397.0888460042256
BA2110	0.005677721701514	276.6256013865835
BA2113	0.0232191780821917	911.8473333273414
BA2116	0.0132804614275414	505.25598983240576
BA2121	0.0142231434751261	975.3803505409262
BA2122	0.0042213410237923	220.32533260123333
BA2123	0.0203028118240807	1161.2634574015792
BA2124	0.0179434030281182	661.7409475614835
BA2125	0.0150955299206921	567.1297708782655
BA2132	0.0178821196827685	642.0892983039099
BA2133	0.0063211968276856	249.24278217297496
BA2134	0.0074351117519826	263.4391328522556
BA2135	0.0098558038932948	610.8760090902015
BA2139	0.0064852198990627	361.4360284946059
BA2143	0.0127180966113914	440.1652070457172
BA2148	0.0149242970439798	325.6983148912776
BA2153	0.0082390050468637	927.4280666285978
BA2155	0.012382840663302	353.0276123114654
BA2156	0.0208399423215573	521.2239017478964
BA2162	0.0132804614275414	568.1672039875074
BA2163	0.0161968276856524	739.0204730321722
BA2168	0.0087941600576784	358.2274345134054
BA2169	0.0112076423936553	417.7661624192685
BA2171	0.0253118240807498	638.4903895727509
BA2172	0.0166528478731074	807.3717438615525
BA2174	0.0147224224945926	635.4015711601598
BA2175	0.019388968997837	659.1112247805803
BA2184	0.046326604181687	1365.3436668819215
BA2195	0.0100342465753424	489.2019092010264
BA2198	0.0141474405191059	640.6616431738215
BA2200	0.0183453496755587	1219.9034061463744
BA2201	0.0077883922134102	323.8575475488113
BA2209	0.0153947368421052	805.6129107167188
BA2211	0.0313320115356885	605.4102716085284
BA2212	0.0161824080749819	585.3734627105696
BA2217	0.0262707281903388	605.9816622601436
BA2218	0.0069124008651766	633.9192068872085
BA2220	0.0089419610670511	531.2918770674244
BA2221	0.0084661139149242	428.8395948923468
BA2224	0.0088914924297043	426.49673623056935
BA2226	0.0220944484498918	1614.6072400887651
BA2227	0.0209408795962509	1556.198688723305
BA2228	0.0196377072819033	958.270040641178
BA2229	0.0153713049747656	631.066535674294
BA2233	0.0236860129776496	466.515544838646
BA2234	0.0152505407354001	741.0806559053135
BA2235	0.0130641672674837	575.5617491819961
BA2236	0.018817591925018	480.8068853896017
BA2239	0.0091726748377793	343.129171574367
BA2240	0.0207876712328767	776.6306205378
BA2242	0.0155587599134823	692.9291371537431
BA2244	0.0166348233597692	543.8616211030613
BA2245	0.0197404470079307	644.45375413621
BA2248	0.00905010814708	448.95064515223015
BA2249	0.012557678442682	792.1176847142482
BA2251	0.0230894015861571	651.4538518634376
BA2256	0.0136391492429704	941.150685593926
BA2260	0.0076297764960346	468.34256747268034
BA2261	0.0063482335976928	288.13429432471185
BA2269	0.006685291997116	242.06050705796
BA2271	0.0136319394376351	767.541361059911
BA2272	0.01	476.0504972594943
BA2273	0.0184607065609228	658.6574406779977
BA2275	0.0184697188175919	1215.9333063929269
BA2276	0.0092519826964671	503.7394128515307
BA2277	0.0193421052631578	859.0193088587215
BA2280	0.0273449891852919	1462.6655360528846
BA2281	0.0179271809661139	641.927863894989
BA2282	0.0063031723143475	314.66588257751806
BA2286	0.0208507570295602	612.2956565628945
BA2288	0.0124134823359769	575.6502267711049
BA2292	0.0175486661860129	758.821045461555
BA2294	0.0140573179524152	482.36101446774137
BA2296	0.0239365537130497	730.4180264894637
BA2300	0.0072584715212689	877.5895015903999
BA2301	0.0100739005046863	746.0291398475781
BA2302	0.0157948810382119	602.3766516247941
BA2304	0.0063734679163662	362.44741031758457
BA2306	0.0136121124729632	969.9555609665474
BA2308	0.0117321557317952	580.8984952668693
BA2309	0.0130984138428262	470.1301092725678
BA2311	0.0107876712328767	529.4775053631668
BA2312	0.009127613554434	451.4894960190048
BA2316	0.0084282624369142	317.6128270640396
BA2322	0.0178568853640951	906.5823886529748
BA2325	0.0081506849315068	301.02065610071475
BA2329	0.0087815428983417	339.2961677547321
BA2334	0.0099639509733237	332.41347888052746
BA2339	0.0048882480173035	418.4876807549829
BA2344	0.0139077144917087	780.9671059370721
BA2347	0.0055064888248017	433.5198005791178
BA2348	0.0043727469358327	208.44649116549837
BA2350	0.0045818312905551	311.49365740539145
BA2354	0.0157534246575342	767.186230935782
BA2355	0.0216312184571016	933.8043726206192
BA2357	0.0130569574621485	470.1830005907915
BA2360	0.0196322999279019	558.0178922964046
BA2361	0.0122873107426099	558.3508565956799
BA2363	0.0046250901225666	259.6490267478299
BA2369	0.0189221341023792	713.4517431608632
BA2374	0.0208489545782263	926.280170035634
BA2375	0.0116131939437635	521.4136838478634
BA2376	0.0086265320836337	503.9041752156702
BA2377	0.0481254506128334	1078.9294268317722
BA2379	0.0132227829848594	408.3042043730159
BA2385	0.0062310742609949	448.9714126749752
BA2386	0.0189491708723864	905.1458566733317
BA2387	0.0169881038211968	684.2085480184014
BA2394	0.0097242249459264	640.2988001018253
BA2399	0.0148125450612833	716.9927900504184
BA2400	0.0313842826243691	1377.6388647400331
BA2402	0.0125630857966834	651.0153561785479
BA2405	0.0074134823359769	323.080111674763
BA2406	0.0122512617159336	742.3869381099241
BA2409	0.0120385724585436	537.5448871275779
BA2410	0.0260958904109589	648.2021565707561
BA2412	0.0044754866618601	281.2558783913904
BA2413	0.0136788031723143	621.360134552539
BA2414	0.0243258832011535	1124.1028452009589
BA2415	0.0047260273972602	260.63329472699866
BA2417	0.0171773612112472	777.40403177769
BA2418	0.0077685652487382	357.1655875161901
BA2420	0.0105136986301369	406.5625862249553
BA2421	0.0181596971881759	546.1159657698919
BA2423	0.0107894736842105	652.3472189605747
BA2425	0.0087941600576784	520.6665333396627
BA2426	0.0100558759913482	736.492902699216
BA2427	0.0086571737563085	457.1393467210683
BA2429	0.0106452775775054	373.527936899076
BA2440	0.01405010814708	820.1761747290435
BA2441	0.0184354722422494	1204.0147069449442
BA2442	0.0116095890410958	937.4579086269998
BA2446	0.0115392934390771	477.3336436810431
BA2449	0.0213698630136986	1191.881483531951
BA2450	0.0162040374909877	544.4648999435962
BA2452	0.0252541456380677	697.5379074477266
BA2454	0.0121611391492429	1035.2827237325062
BA2455	0.0087148521989906	314.3199071263774
BA2456	0.0047837058399423	563.924104688621
BA2459	0.0067934390771449	554.1715130043124
BA2461	0.0103262436914203	574.9886681772365
BA2463	0.0140356885364095	297.95674743948337
BA2464	0.0198936553713049	580.121874106274
BA2469	0.0165843547224224	295.3216562965368
BA2470	0.0112599134823359	482.4268539972845
BA2472	0.0163428262436914	468.6617517021456
BA2473	0.0219412400865176	747.0049495161611
BA2474	0.0123521989906272	370.6669842048432
BA2477	0.025086517664023	817.8581449188126
BA2479	0.0077253064167267	321.071289182861
BA2480	0.023895097332372	388.53606956973584
BA2481	0.0052072819033886	257.4331692022267
BA2482	0.0118006488824801	495.43905722140727
BA2483	0.0151604181687094	657.7896003676832
BA2485	0.0216672674837779	346.3828893886736
BA2488	0.0136697909156452	420.2676541635937
BA2489	0.0131038211968276	505.7889790935751
BA2492	0.007577505407354	416.4109195316823
BA2494	0.0152487382840663	612.2036257549743
BA2496	0.0059769286229271	376.4271915148217
BA2497	0.0092682047584715	411.8036980957892
BA2499	0.0128262436914203	630.6657465494069
BA2500	0.0246304974765681	855.3580417729452
BA2501	0.0150558759913482	1025.6589677898328
BA2502	0.0097837058399423	648.1344500082369
BA2505	0.0148648161499639	669.4498750943252
BA2507	0.0108904109589041	531.8820306110565
BA2510	0.016472602739726	862.7850419143886
BA2511	0.0059480894015861	199.6075329790777
BA2512	0.0125036049026676	903.2076773762114
BA2514	0.0112743330930064	583.8973068588759
BA2515	0.0118655371304974	444.9959651309353
BA2520	0.0036265320836337	416.1688687437918
BA2521	0.0162959625090122	667.0853322301825
BA2523	0.0194394376351838	398.401372289706
BA2524	0.0125360490266762	548.7702080824861
BA2525	0.0119700793078586	345.4335067181132
BA2526	0.0263968997837058	803.8091536815288
BA2528	0.0154992790194664	601.7664580343292
BA2532	0.0165176640230713	873.900995084742
BA2534	0.0232516222062004	670.0079310478784
BA2538	0.012586517664023	794.1797244104192
BA2539	0.0068961788031723	516.1593828866568
BA2540	0.0125937274693583	464.74092135688414
BA2541	0.0059012256669069	571.2829075891881
BA2545	0.0118186733958183	557.4286116418984
BA2546	0.0096431146359048	419.6167419991012
BA2552	0.0384967555875991	1164.701382540342
BA2559	0.014059120403749	827.3793718823349
BA2561	0.0080064888248017	360.17273067785607
BA2563	0.0161067051189617	714.4677011312924
BA2564	0.0097710886806056	459.7153312886898
BA2567	0.0041636625811103	252.23829170351053
BA2570	0.0145692141312184	953.5052678755536
BA2575	0.0071935832732516	235.12057518733803
BA2577	0.0213626532083633	718.3644156447768
BA2579	0.0098648161499639	507.9101067316696
BA2583	0.0164635904830569	815.4574699465858
BA2584	0.0166005767844268	690.8777894889855
BA2587	0.0186751982696467	723.2599622019115
BA2588	0.0140032444124008	562.1499260611774
BA2589	0.0179704397981254	484.1107397632647
BA2592	0.0183543619322278	883.1967477978199
BA2593	0.0048125450612833	39.83494471304338
BA2594	0.0085021629416005	485.18798346860734
BA2595	0.0101045421773612	616.7190259628952
BA2597	0.0188248017303532	277.6166361186661
BA2600	0.011598774333093	511.7322735566014
BA2603	0.0146557317952415	502.9288433314105
BA2618	0.0207354001441961	645.6923770571527
BA2619	0.0106759192501802	271.78611955580027
BA2620	0.0146971881759192	831.0519027471746
BA2621	0.009030281182408	503.6105297291104
BA2622	0.0153731074260994	609.8849245310901
BA2623	0.0129217736121124	1064.1445687174908
BA2629	0.0102992069214131	413.48928417891415
BA2631	0.0144736842105263	496.6899212901536
BA2634	0.0064221341023792	335.12688920602733
BA2636	0.008720259552992	410.0512842195006
BA2639	0.0137959625090122	664.6885210338561
BA2644	0.0111986301369863	509.99114177809713
BA2645	0.0217844268204758	462.3972902755307
BA2646	0.0225540735400144	777.3716752637774
BA2649	0.0211121124729632	652.3260439568398
BA2651	0.007761355443403	549.8896035388589
BA2653	0.0130948089401586	406.7428676222156
BA2655	0.0299783705839942	1440.8246017510228
BA2656	0.0079307858687815	364.61106497614026
BA2657	0.0115537130497476	472.068200813887
BA2658	0.0126622206200432	866.7061962794227
BA2659	0.0140519105984138	545.2410313670435
BA2660	0.0080857966834895	394.2517010232536
BA2662	0.0143330930064888	704.3501601776198
BA2663	0.0116925018024513	537.5080793471242
BA2667	0.0136445565969718	422.3079208385626
BA2670	0.0059354722422494	469.4674133109812
BA2674	0.0104379956741167	718.3075830176915
BA2675	0.0151568132660418	621.2647373034267
BA2676	0.0147981254506128	434.7168874806242
BA2677	0.0095962509012256	528.1220415927302
BA2681	0.0056380677721701	386.9279796899074
BA2682	0.012732516222062	714.2997582353347
BA2685	0.0221935832732516	1002.15465524361
BA2688	0.0081380677721701	371.3388073163864
BA2691	0.0082858687815428	607.018246173611
BA2694	0.0088482335976928	405.785021568389
BA2695	0.0070007209805335	734.2257355217727
BA2697	0.0056218457101658	268.45866588184737
BA2701	0.009388968997837	374.0466877796632
BA2704	0.0232498197548666	622.179960486584
BA2705	0.0289185291997116	478.1012489215088
BA2707	0.0052000720980533	934.838951120846
BA2709	0.008352559480894	403.2200987392425
BA2712	0.0131182408074981	328.6250389583652
BA2714	0.0148071377072819	625.4335367256634
BA2715	0.0302505407354001	334.4024502388479
BA2718	0.0331092285508291	578.0153507260509
BA2720	0.0045331651045421	372.7495779081565
BA2721	0.0158417447728911	427.1432319126954
BA2722	0.0155623648161499	653.28473950097
BA2723	0.0153586878154289	505.4525909668941
BA2724	0.008516582552271	501.4370341566429
BA2726	0.008866258111031	665.80075669538
BA2727	0.0105082912761355	744.5642081688836
BA2728	0.0145583994232155	523.5621295633814
BA2731	0.0071449170872386	294.3513130443262
BA2733	0.006016582552271	285.5253711478822
BA2735	0.0094772891131939	419.49033638919775
BA2737	0.0095133381398702	423.5889915035157
BA2742	0.0109138428262436	657.9862710672111
BA2744	0.0048918529199711	190.00473533751253
BA2746	0.0107534246575342	530.4503596126073
BA2747	0.0102829848594087	460.9277913306285
BA2748	0.0250684931506849	852.865164351072
BA2751	0.0057804614275414	351.6685050330749
BA2756	0.015416366258111	579.4609189434713
BA2758	0.0097909156452775	377.63153597407006
BA2760	0.0199783705839942	681.239240112791
BA2762	0.0134895457822638	713.9062762318713
BA2764	0.0110994953136265	529.888865648156
BA2765	0.0068673395818312	363.1524141643426
BA2769	0.0132498197548666	473.1617489837613
BA2772	0.0075180245133381	539.7384782677094
BA2775	0.0131074260994953	648.5124513167023
BA2776	0.0300306416726748	769.1848738319902
BA2778	0.0114708002883922	287.14433526154585
BA2782	0.0080569574621485	474.5404722715589
BA2786	0.0120547945205479	1011.886604767218
BA2787	0.0031254506128334	226.86250737386445
BA2789	0.026472602739726	803.4565375877343
BA2791	0.0192880317231434	639.4991153311827
BA2792	0.0083723864455659	408.0853859478689
BA2798	0.019176279740447	935.1521742599308
BA2801	0.005706560922855	349.97504480592744
BA2802	0.0085291997116077	683.6264816544747
BA2804	0.0094412400865176	589.1414799869747
BA2806	0.0151315789473684	868.6369336387328
BA2808	0.006452775775054	425.3936537895425
BA2809	0.0128298485940879	712.9547438761899
BA2811	0.0167159336697909	508.7931291299637
BA2812	0.006986301369863	448.4029186971104
BA2813	0.0101748377793799	613.6312707424153
BA2814	0.012141312184571	334.1653521949406
BA2816	0.0128983417447728	485.3137568747658
BA2817	0.0133705839942321	532.4415897687683
BA2820	0.0195241528478731	611.9822266669129
BA2821	0.0274477289113193	1216.9972293435787
BA2822	0.0146539293439077	532.0761866055457
BA2824	0.0203262436914203	621.6681175735811
BA2828	0.0093727469358327	445.4201449715729
BA2829	0.0157137707281903	1060.504514715495
BA2830	0.0076910598413842	649.6371946847395
BA2832	0.0145367700072098	541.410501572874
BA2836	0.0119899062725306	418.33426046223207
BA2837	0.0134246575342465	910.3805762477996
BA2839	0.0310886806056236	834.9362443239712
BA2840	0.0080533525594808	456.7017234341489
BA2841	0.0249585436193222	636.2931303349933
BA2842	0.0069790915645277	406.7216215538128
BA2843	0.0125991348233597	439.02641949458433
BA2844	0.0165176640230713	502.48784111918576
BA2846	0.0267069214131218	668.3905105692974
BA2850	0.0103568853640951	611.320338435177
BA2851	0.0235832732516222	1157.1644447100366
BA2852	0.0104434030281182	540.2472897962408
BA2855	0.0142087238644556	528.7024305516028
BA2856	0.0061751982696467	224.16313382978757
BA2858	0.0095602018745493	383.198388705707
BA2860	0.0067519826964671	388.2315959347127
BA2861	0.0149585436193222	428.17022948139663
BA2865	0.0138139870223503	444.2581510655952
BA2866	0.0177505407354001	578.5568209910559
BA2867	0.0181416726748377	796.4225291300186
BA2868	0.022945205479452	697.0414048157604
BA2870	0.0288085796683489	1068.6499770364003
BA2871	0.0117988464311463	744.2553431493517
BA2872	0.011559120403749	388.75641157065394
BA2876	0.0157948810382119	428.5272877642385
BA2879	0.0138914924297043	470.1598503407884
BA2880	0.0088518385003604	512.9222240360892
BA2882	0.0111085075702956	551.9067248376149
BA2883	0.0226189617880317	823.8122230535538
BA2885	0.0144754866618601	872.5203632070356
BA2887	0.0185832732516222	650.2376382844063
BA2889	0.0001099495313626	17.637534968344564
BA2893	0.0105371304974765	464.8833930259602
BA2901	0.0094160057678442	362.0904306569724
BA2902	0.0132930785868781	428.3088632119362
BA2903	0.0040879596250901	114.48834404670822
BA2904	0.0122098053352559	610.9095146970769
BA2905	0.0205587599134823	668.20614252613
BA2906	0.0187761355443403	589.3968206318145
BA2908	0.0214978370583994	668.4682824447343
BA2909	0.0079055515501081	247.75194662975224
BA2910	0.0172152126892573	575.5486982256535
BA2911	0.0161535688536409	830.9328002406168
BA2914	0.0139798125450612	481.0523646972909
BA2915	0.0079091564527757	84.38518228509089
BA2921	0.0102000720980533	532.3638076390974
BA2922	0.017528839221341	836.4064064735038
BA2923	0.0063229992790194	242.74353904784445
BA2926	0.0152487382840663	609.079444172878
BA2928	0.0180551550108147	456.6665433959658
BA2930	0.0134913482335976	621.4519617933428
BA2932	0.0167591925018024	754.6211044288224
BA2934	0.0065338860850757	388.9417129621136
BA2935	0.0084967555875991	437.4109704679633
BA2937	0.0097638788752703	368.754829270552
BA2939	0.0099242970439798	476.3957275719881
BA2944	0.020232516222062	1473.0171383696334
BA2947	0.0107516222062004	337.73980265116825
BA2948	0.0091474405191059	661.1288289343428
BA2950	0.0101117519826964	1178.174063807048
BA2951	0.0080299206921413	571.2532599973958
BA2952	0.0254001441961067	689.3810185557855
BA2953	0.0064059120403749	285.6738433196557
BA2955	0.0074098774333093	307.5160624758178
BA2956	0.0048413842826243	192.61016959264623
BA2962	0.0184571016582552	995.3501254209812
BA2970	0.0105118961788031	525.2776979929905
BA2972	0.0217393655371304	937.664445429351
BA2976	0.0060994953136265	669.5379733556763
BA2978	0.0098107426099495	502.7398052824428
BA2981	0.0137527036770007	442.3679594341567
BA2984	0.0127253064167267	490.8390461745709
BA2986	0.0124855803893294	593.9463636305439
BA2989	0.018972602739726	1050.9865196563449
BA2992	0.0137328767123287	855.5571002618694
BA2993	0.0062509012256669	401.5296787146052
BA2994	0.0163446286950252	738.7019044024204
BA2995	0.0128929343907714	360.48229748525455
BA2999	0.0155875991348233	617.1758160558692
BA3001	0.0230966113914924	693.554566295267
BA3002	0.0170007209805335	551.9839286679307
BA3004	0.0253803172314347	790.9662522261965
BA3006	0.0083777937995674	355.3715884280045
BA3008	0.0010868781542898	14.234775480179934
BA3009	0.0132912761355443	356.24754168062617
BA3010	0.0096232876712328	810.1925049948723
BA3011	0.0240374909877433	851.8038556060357
BA3013	0.0143240807498197	740.5052945046966
BA3023	0.0165969718817591	569.1864129366543
BA3025	0.0182480173035328	503.6061725072756
BA3027	0.0054902667627974	385.574266146152
BA3029	0.0092357606344628	322.5396162259676
BA3030	0.0145746214852198	599.9926500716354
BA3037	0.0189149242970439	521.7516440252156
BA3038	0.0169196106705118	516.763859786182
BA3040	0.0160490266762797	552.3573050169097
BA3042	0.0222819033886085	863.1324976964315
BA3043	0.0070421773612112	269.2173410112135
BA3049	0.0035255948089401	175.07353089085436
BA3051	0.0110310021629416	349.75335670870555
BA3053	0.0164708002883922	803.2968082177015
BA3064	0.0178640951694304	1140.7399392598024
BA3067	0.0239329488103821	663.3185846058816
BA3068	0.0234066330209084	966.3617600297594
BA3070	0.0086355443403028	350.6805419102712
BA3071	0.0194971160778659	625.462054646101
BA3072	0.021346431146359	656.1973238628925
BA3075	0.0129073540014419	425.0207181159681
BA3076	0.0033759913482335	134.08200176757595
BA3077	0.0144196106705118	748.3753339827254
BA2040	0.0086806056236481	493.8547040813981
BA2160	0.0166672674837779	549.8041877600283
BA2303	0.0109228550829127	425.05541621363375
BA2353	0.0162563085796683	744.4415559760082
BA2516	0.0162851478010093	548.3540203186612
BA2590	0.0327685652487382	819.7196084595262
BA2647	0.0120223503965392	672.0308267365015
BA2891	0.009543979812545	325.2802103371483
BA2924	0.0133219178082191	1109.1974190978874
BA2971	0.0093204758471521	437.2526483812403
BA3036	0.0145259552992069	561.0350922153735
BA3059	0.015571377072819	328.9095011577126
BA3073	0.0136878154289834	757.560851358656
BA3078	0.0171070656092285	1004.232742944744
BA3079	0.0097873107426099	516.9391446437679
BA3083	0.0143294881038211	717.214014607513
BA3084	0.0100558759913482	565.3246389617728
BA3085	0.0095872386445565	617.8143203197859
BA3087	0.0460724585436193	1295.089509781923
BA3089	0.0248864455659697	762.3457783383451
BA3094	0.0194214131218457	792.5484626820029
BA3095	0.0163680605623648	514.494612037331
BA3098	0.0141834895457822	657.7528815269659
BA3099	0.0234228550829127	1281.600204489899
BA3103	0.0260598413842826	720.4940072123301
BA3108	0.0228857245854361	653.5589638072195
BA3109	0.0128082191780821	442.5116440427831
BA3110	0.0175684931506849	830.8145810778999
BA3114	0.0120421773612112	536.3096964819653
BA3116	0.0108183129055515	524.3998039225753
BA3117	0.030697548666186	1086.3948469938086
BA3118	0.0119214131218457	646.8520399451368
BA3119	0.0342880317231434	835.9747225549097
BA3123	0.0154091564527757	576.3866333985209
BA3124	0.0086968276856524	380.6083458723061
BA3126	0.0155641672674837	630.2632656797896
BA3128	0.0190338860850757	848.3350817862004
BA3130	0.0098792357606344	503.2572504413198
BA3133	0.0151586157173756	829.3517956190582
BA3135	0.0262274693583273	716.9957900579442
BA3136	0.015542537851478	755.0057430136009
BA3137	0.0138572458543619	652.8579298091861
BA3138	0.0158543619322278	544.6869425296929
BA3139	0.0150522710886806	2013.5229951850756
BA3141	0.0224477289113193	727.8868873147106
BA3142	0.0263806777217015	698.5146787773996
BA3145	0.0116618601297764	706.0809158288234
BA3146	0.0169232155731795	800.5442444056328
BA3149	0.0144826964671953	521.3327552006625
BA3152	0.0138248017303532	616.748603250646
BA3153	0.0316888968997837	1048.3399627763106
BA3154	0.0201856524873828	665.3238034688562
BA3156	0.0050630857966834	798.819364220822
BA3157	0.0243006488824801	964.3339632002468
BA3158	0.015192862292718	583.9218765332919
BA3162	0.0246665465032444	581.987584272701
BA3163	0.0108471521268925	479.79368895956304
BA3164	0.0192736121124729	935.0612749270346
BA3167	0.0217844268204758	613.7272507175304
BA3169	0.0142862292718096	687.5870694479082
BA3171	0.0217898341744772	703.9241272270452
BA3173	0.0176514059120403	1145.4731138949005
BA3174	0.0074242970439798	503.3764966900657
BA3175	0.0070782263878875	532.041323248153
BA3176	0.0175648882480173	742.2186119883748
BA3177	0.0181578947368421	1308.300858400082
BA3178	0.018866258111031	580.0713443530385
BA3180	0.0314023071377072	872.0550886893111
BA3181	0.0079632299927901	478.7616833064762
BA3182	0.0166888968997837	951.2334095432132
BA3183	0.0248089401586157	1210.817050768177
BA3185	0.0126496034607065	838.9658872323871
BA3186	0.0253749098774333	743.2710294239682
BA3187	0.0107930785868781	521.0033705543161
BA3189	0.0150558759913482	923.4650811514716
BA3190	0.0103731074260994	882.2802837795751
BA3191	0.0097116077865897	482.7763008091382
BA3192	0.016888968997837	1391.1134211416704
BA3194	0.0324909877433309	1188.148786567987
BA3195	0.0149477289113193	556.055790737919
BA3197	0.0242429704397981	464.1438711293774
BA3199	0.025270367700072	1228.8839194540535
BA3200	0.0230785868781542	833.0697102346228
BA3202	0.0192880317231434	812.8234055930732
BA3203	0.0158597692862292	598.918346037124
BA3206	0.0162743330930064	467.8162895863008
BA3207	0.0133020908435472	803.8957057608438
BA3208	0.0090915645277577	574.9435971320291
BA3210	0.0217123287671232	701.6738015544446
BA3211	0.0179812545061283	679.5849026639045
BA3212	0.0332281903388608	704.9203688929496
BA3213	0.0166149963950973	789.7939189845382
BA3214	0.009592645998558	815.5899985629713
BA3216	0.0157137707281903	718.8204669911598
BA3217	0.0261878154289834	717.7111296665229
BA3219	0.0107354001441961	753.0383540172343
BA3221	0.0088698630136986	356.408831691691
BA3222	0.0215771449170872	1217.1092840113824
BA3225	0.0116240086517664	800.9500858270537
BA3226	0.0166204037490987	659.5494116413571
BA3227	0.0285291997116077	884.4569776690914
BA3228	0.0207173756308579	1288.424239035908
BA3229	0.0180821917808219	701.2228461831359
BA3230	0.0169899062725306	497.2825598752588
BA3232	0.0152343186733958	778.7268387365741
BA3234	0.0154217736121124	543.0684186097612
BA3235	0.0098558038932948	525.2604420053444
BA3237	0.013042537851478	755.2993310870622
BA3240	0.0435886806056236	832.9187441358587
BA3242	0.0128731074260994	579.1668894030342
BA3243	0.0143330930064888	766.2650742354047
BA3245	0.0212076423936553	586.3690246932931
BA3249	0.0218637346791636	1113.536553417946
BA3250	0.0191041816870944	897.2169246970714
BA3251	0.0130353280461427	556.4262915580466
BA3255	0.0108309300648882	676.5876811086537
BA3258	0.0105461427541456	537.7967124212279
BA3260	0.0103064167267483	574.1195575711846
BA3261	0.0220511896178803	505.8897958599137
BA3264	0.029127613554434	1231.72261743155
BA3266	0.0226856524873828	975.4086270369878
BA3268	0.0360526315789473	1204.562627739945
BA3269	0.0187328767123287	574.2888129150617
BA3270	0.0144881038211968	875.3627111621042
BA3271	0.02060021629416	870.8828834172451
BA3273	0.0321178803172314	2084.838213164635
BA3275	0.028923936553713	955.4560030300098
BA3277	0.0209318673395818	797.1890670755472
BA3280	0.020474044700793	655.214923411319
BA3283	0.0126387887527036	692.9882345506861
BA3285	0.0137274693583273	1836.369709547973
BA3286	0.0178496755587599	707.1733747370413
BA3289	0.00443763518385	242.40746865965045
BA3290	0.012072819033886	753.7722377409552
BA3293	0.0246773612112472	1118.8267308802208
BA3295	0.0183255227108868	720.3600385409662
BA3296	0.0086697909156452	449.61704215570455
BA3297	0.029592645998558	1057.194000453533
BA3299	0.0119646719538572	504.0089306005221
BA3300	0.0211211247296323	959.2769859418028
BA3302	0.0303640951694304	1170.4465404538614
BA3305	0.0147007930785868	788.7780260237171
BA3306	0.0206741167988464	737.3593074386705
BA3308	0.0207624369142033	750.8072247760216
BA3310	0.0220061283345349	743.8724608994046
BA3311	0.0114113193943763	602.0581748006822
BA3312	0.0251261715933669	1013.106788813198
BA3315	0.0143006488824801	1139.6246661532032
BA3317	0.0217303532804614	758.6461458273099
BA3318	0.0297746935832732	927.5327769718114
BA3319	0.0158723864455659	759.8362796767575
BA3322	0.0114095169430425	453.6058882459923
BA3324	0.0199585436193222	1264.486124382238
BA3325	0.008613914924297	557.5756401632218
BA3326	0.0136049026676279	751.2944282122129
BA3328	0.0238320115356885	683.8720320198743
BA3329	0.0240699351117519	1028.979237991192
BA3332	0.0214257390050468	1243.3113016545158
BA3333	0.0258345349675558	1199.0255086836146
BA3334	0.0063284066330209	510.3387727500794
BA3335	0.0219340302811824	801.7604557425709
BA3339	0.0081434751261715	478.4570298586749
BA3341	0.0315843547224224	502.730393858365
BA3345	0.0086535688536409	397.47574809196914
BA3347	0.0091204037490987	538.3745927301285
BA3351	0.02288752703677	1704.65768762081
BA3352	0.0120475847152126	490.8329405139136
BA3353	0.0246917808219178	1104.4276688440843
BA3357	0.0200486661860129	1287.645195550948
BA3362	0.0155894015861571	747.9577499301233
BA3367	0.0081957462148521	560.7722553287224
BA3369	0.0196160778658976	1155.187452464668
BA3371	0.0122458543619322	623.1634140238895
BA3373	0.0306218457101658	1420.24902415235
BA3374	0.0103550829127613	312.38131518793824
BA3375	0.0152433309300648	477.2143193210213
BA3376	0.0162545061283345	766.0259067981605
BA3379	0.0181542898341744	818.1520451817695
BA3380	0.0142591925018024	911.5872955098234
BA3381	0.0167501802451333	830.0449491711412
BA3384	0.0072999279019466	637.5176720417728
BA3385	0.0116690699351117	654.1528642452969
BA3386	0.0239509733237202	824.0231475559431
BA3388	0.0093096611391492	411.8424427928029
BA3390	0.0079866618601297	526.5254254276474
BA3394	0.0117916366258111	1006.6366598180462
BA3395	0.0144935111751982	580.8710679307522
BA3397	0.0168493150684931	1110.9165400489997
BA3399	0.0047422494592646	257.2146912636609
BA3400	0.0321106705118961	905.3713338757124
BA3403	0.0235742609949531	1093.0733868059388
BA3405	0.0131092285508291	567.2316678866998
BA3406	0.0152865897620764	682.3105366728855
BA3407	0.0167718096611391	658.4113811484787
BA3408	0.0113987022350396	410.573656327328
BA3410	0.015310021629416	739.0231074952106
BA3411	0.0167411679884643	675.869653162757
BA3412	0.0209841384282624	1306.2150998123552
BA3413	0.0226099495313626	594.7253833565078
BA3415	0.0468709444844989	2009.993275849328
BA3416	0.0243979812545061	786.8805120672249
BA3417	0.0155136986301369	815.9997293117806
BA3418	0.0136211247296322	742.3651001858792
BA3421	0.0068943763518385	297.69777857136285
BA3422	0.025726387887527	736.722703148734
BA3423	0.0239113193943763	774.6922494045378
BA3427	0.0089401586157173	630.2914668961046
BA3430	0.0045998558038932	364.382910965538
BA3431	0.0114131218457101	525.6924312741269
BA3433	0.0253460706560922	618.6281315835153
BA3434	0.0106434751261715	689.3202083970455
BA3435	0.0162527036770007	728.7153243169282
BA3436	0.0194935111751982	598.9846418431997
BA3438	0.026249098774333	1181.670613053211
BA3445	0.0117375630857966	1143.7142621854584
BA3446	0.0113987022350396	461.97417713048304
BA3447	0.0030984138428262	298.97611676680987
BA3448	0.0086860129776496	773.505971556084
BA3449	0.0130155010814708	911.7520756141336
BA3450	0.0171034607065609	930.2282592390392
BA3451	0.0128244412400865	451.4100585542787
BA3452	0.0115663302090843	829.5383761588845
BA3453	0.0135562364816149	594.7264435593063
BA3454	0.0264077144917087	1244.926943576986
