	ABL1	NRAS
BA2000	0.0146845710165825	4.977407957956781
BA2003	0.0095313626532083	10.378106789139272
BA2004	0.0112418889689978	4.309692902463786
BA2006	0.0060003604902667	6.53429209237046
BA2011	0.0100919250180245	6.305855834453703
BA2019	0.0196629416005767	7.683258011643504
BA2020	0.0263392213410237	10.39127109040281
BA2022	0.0168979812545061	7.738823251199297
BA2023	0.0098017303532804	4.289699350593618
BA2024	0.0110868781542898	4.9531936785324815
BA2025	0.0185724585436193	5.9521664556209615
BA2031	0.0146377072819033	4.080783668876522
BA2032	0.0132462148521989	8.392403893539017
BA2033	0.0081723143475126	21.37478588402929
BA2034	0.0197494592645998	8.979115565791345
BA2035	0.0183687815428983	6.727531139662342
BA2036	0.0147530641672674	5.934715464511269
BA2037	0.0234264599855803	8.260916277002451
BA2041	0.01598774333093	10.094054849863708
BA2044	0.0127793799567411	4.681616635899111
BA2046	0.0203460706560922	8.854899994967417
BA2047	0.0213968997837058	7.347596011370686
BA2050	0.0107462148521989	3.9785758600384673
BA2051	0.0223882480173035	20.73723620937169
BA2052	0.013585075702956	8.752718991292838
BA2053	0.0078983417447728	8.852562329030027
BA2054	0.0082660418168709	3.515860693818209
BA2055	0.0044250180245133	1.6205372590719074
BA2063	0.033361571737563	5.350787035025199
BA2065	0.0192790194664744	7.023166606159928
BA2066	0.0210976928622927	9.782239133895803
BA2068	0.0152397260273972	6.187871165249966
BA2069	0.0120782263878875	5.3957333165018735
BA2072	0.0101243691420331	3.8210129539376334
BA2079	0.0053911319394376	3.5294450576446743
BA2080	0.0201568132660418	9.878145856600993
BA2081	0.012382840663302	4.179393584635819
BA2082	0.0226405912040374	11.731220331663746
BA2087	0.0131452775775054	9.117185989902234
BA2088	0.016995313626532	12.878374079081128
BA2089	0.0200973323720259	13.054417524559554
BA2093	0.0109012256669069	3.827776216496951
BA2094	0.0125342465753424	9.6390475285274
BA2095	0.0175198269646719	6.061237265904907
BA2096	0.0067429704397981	6.6068912880086526
BA2097	0.0227577505407354	13.674146580910463
BA2098	0.012664023071377	10.266431574490376
BA2100	0.0066240086517664	4.543064926548401
BA2101	0.0096467195385724	5.946668472978523
BA2104	0.0069358327325162	5.080683697667679
BA2106	0.0121449170872386	10.007669712996668
BA2109	0.0096160778658976	7.039233683930336
BA2110	0.005677721701514	3.3453509387215696
BA2113	0.0232191780821917	7.04770706449596
BA2116	0.0132804614275414	11.405725789144409
BA2121	0.0142231434751261	8.26786786484733
BA2122	0.0042213410237923	3.9589373674952215
BA2123	0.0203028118240807	14.675523222265186
BA2124	0.0179434030281182	5.097984815532236
BA2125	0.0150955299206921	6.551273349854395
BA2132	0.0178821196827685	7.137095582078997
BA2133	0.0063211968276856	5.535598178943483
BA2134	0.0074351117519826	3.115658505018978
BA2135	0.0098558038932948	9.783992890664743
BA2139	0.0064852198990627	3.937168839238281
BA2143	0.0127180966113914	11.211201675444864
BA2148	0.0149242970439798	7.146090488182422
BA2153	0.0082390050468637	7.706519876418026
BA2155	0.012382840663302	4.091556754627389
BA2156	0.0208399423215573	4.827776540884438
BA2162	0.0132804614275414	4.06912810161036
BA2163	0.0161968276856524	7.33157595141015
BA2168	0.0087941600576784	5.23584537424075
BA2169	0.0112076423936553	8.61528969234325
BA2171	0.0253118240807498	7.166857455387078
BA2172	0.0166528478731074	7.618505782588487
BA2174	0.0147224224945926	5.753365263394096
BA2175	0.019388968997837	12.319976682553234
BA2184	0.046326604181687	13.897201670264671
BA2195	0.0100342465753424	8.659167377592544
BA2198	0.0141474405191059	6.490850615788523
BA2200	0.0183453496755587	7.617195271879612
BA2201	0.0077883922134102	3.134627223196208
BA2209	0.0153947368421052	13.415385737550771
BA2211	0.0313320115356885	6.329236387985916
BA2212	0.0161824080749819	8.573049220352605
BA2217	0.0262707281903388	5.055421103508041
BA2218	0.0069124008651766	8.836851417208933
BA2220	0.0089419610670511	6.488506103008245
BA2221	0.0084661139149242	6.117354301578535
BA2224	0.0088914924297043	5.1473837673843565
BA2226	0.0220944484498918	13.403340535153449
BA2227	0.0209408795962509	14.239787794923668
BA2228	0.0196377072819033	13.69731441699434
BA2229	0.0153713049747656	10.63273859043751
BA2233	0.0236860129776496	8.745946667983972
BA2234	0.0152505407354001	7.738737245612007
BA2235	0.0130641672674837	5.689533394266742
BA2236	0.018817591925018	5.379816736011445
BA2239	0.0091726748377793	3.5390439670533724
BA2240	0.0207876712328767	12.492189100711094
BA2242	0.0155587599134823	6.225558622907862
BA2244	0.0166348233597692	5.633309590119055
BA2245	0.0197404470079307	6.154679171687048
BA2248	0.00905010814708	6.076093352608996
BA2249	0.012557678442682	8.272336869037682
BA2251	0.0230894015861571	9.69653434530954
BA2256	0.0136391492429704	9.173216502492416
BA2260	0.0076297764960346	5.0212703464211215
BA2261	0.0063482335976928	4.80379495130423
BA2269	0.006685291997116	3.822012991401081
BA2271	0.0136319394376351	11.981020135494042
BA2272	0.01	4.965517920118519
BA2273	0.0184607065609228	7.552778219519516
BA2275	0.0184697188175919	9.07696022230184
BA2276	0.0092519826964671	5.116600598379707
BA2277	0.0193421052631578	8.611863781165656
BA2280	0.0273449891852919	13.919750344527678
BA2281	0.0179271809661139	7.1667474784459975
BA2282	0.0063031723143475	3.905537068117536
BA2286	0.0208507570295602	6.908728404052461
BA2288	0.0124134823359769	4.959313276357603
BA2292	0.0175486661860129	11.505505981398986
BA2294	0.0140573179524152	5.6751978268581045
BA2296	0.0239365537130497	7.704803278314213
BA2300	0.0072584715212689	8.869296724520618
BA2301	0.0100739005046863	10.358451270781687
BA2302	0.0157948810382119	8.456122577340766
BA2304	0.0063734679163662	3.785687464684545
BA2306	0.0136121124729632	8.058938679788833
BA2308	0.0117321557317952	6.14578641913653
BA2309	0.0130984138428262	5.283273143231066
BA2311	0.0107876712328767	5.171637403976026
BA2312	0.009127613554434	4.376040656343817
BA2316	0.0084282624369142	3.963884966064166
BA2322	0.0178568853640951	10.74775410451755
BA2325	0.0081506849315068	6.577425675197492
BA2329	0.0087815428983417	3.579256714615613
BA2334	0.0099639509733237	5.4810145592995925
BA2339	0.0048882480173035	11.854025149400316
BA2344	0.0139077144917087	3.695180180775156
BA2347	0.0055064888248017	6.014967609769295
BA2348	0.0043727469358327	4.839228804804746
BA2350	0.0045818312905551	6.265421580849513
BA2354	0.0157534246575342	7.1688243648530685
BA2355	0.0216312184571016	17.234787055585542
BA2357	0.0130569574621485	4.542263976746962
BA2360	0.0196322999279019	4.577079903977603
BA2361	0.0122873107426099	8.272793274503808
BA2363	0.0046250901225666	1.6100000330731188
BA2369	0.0189221341023792	11.423872651267402
BA2374	0.0208489545782263	8.635033509428869
BA2375	0.0116131939437635	7.188005444338755
BA2376	0.0086265320836337	4.661878257532099
BA2377	0.0481254506128334	28.02512784043744
BA2379	0.0132227829848594	11.194649040979964
BA2385	0.0062310742609949	8.379101352351753
BA2386	0.0189491708723864	8.357569391572175
BA2387	0.0169881038211968	6.012543938758273
BA2394	0.0097242249459264	7.644960746595171
BA2399	0.0148125450612833	7.227968075923526
BA2400	0.0313842826243691	10.550579065457676
BA2402	0.0125630857966834	6.368016510372939
BA2405	0.0074134823359769	4.18577539752294
BA2406	0.0122512617159336	5.978705197103129
BA2409	0.0120385724585436	4.1406966899813975
BA2410	0.0260958904109589	15.721901324039504
BA2412	0.0044754866618601	1.8068308131069035
BA2413	0.0136788031723143	7.066265493293305
BA2414	0.0243258832011535	6.978470299007344
BA2415	0.0047260273972602	4.345658735066563
BA2417	0.0171773612112472	8.123182727226824
BA2418	0.0077685652487382	4.44606115640728
BA2420	0.0105136986301369	3.269459620588878
BA2421	0.0181596971881759	9.73208166388001
BA2423	0.0107894736842105	11.89507607775013
BA2425	0.0087941600576784	5.265170759167846
BA2426	0.0100558759913482	11.779038024115518
BA2427	0.0086571737563085	9.552388861848012
BA2429	0.0106452775775054	4.085455065545484
BA2440	0.01405010814708	13.734788837867113
BA2441	0.0184354722422494	13.164269100669188
BA2442	0.0116095890410958	5.98150095942812
BA2446	0.0115392934390771	5.088063396787202
BA2449	0.0213698630136986	14.233054107693196
BA2450	0.0162040374909877	6.57430016398477
BA2452	0.0252541456380677	7.01056261208237
BA2454	0.0121611391492429	7.0003050165597465
BA2455	0.0087148521989906	6.224310280900999
BA2456	0.0047837058399423	9.78035837730293
BA2459	0.0067934390771449	5.0740859595386185
BA2461	0.0103262436914203	6.183958797634913
BA2463	0.0140356885364095	11.44798486723688
BA2464	0.0198936553713049	5.821466393332759
BA2469	0.0165843547224224	2.391663462204415
BA2470	0.0112599134823359	6.315131617868007
BA2472	0.0163428262436914	6.917858384999805
BA2473	0.0219412400865176	11.896764861470611
BA2474	0.0123521989906272	3.802776386908117
BA2477	0.025086517664023	6.398357015412996
BA2479	0.0077253064167267	5.70178793164569
BA2480	0.023895097332372	6.821188329964181
BA2481	0.0052072819033886	1.947437037489563
BA2482	0.0118006488824801	5.1420631351534425
BA2483	0.0151604181687094	7.009866488334789
BA2485	0.0216672674837779	4.505339876317183
BA2488	0.0136697909156452	5.897135312882732
BA2489	0.0131038211968276	8.353409622286321
BA2492	0.007577505407354	10.84170772749324
BA2494	0.0152487382840663	13.53560498497164
BA2496	0.0059769286229271	3.2425581842519717
BA2497	0.0092682047584715	3.5365770706468176
BA2499	0.0128262436914203	6.445302311878812
BA2500	0.0246304974765681	9.449107205198832
BA2501	0.0150558759913482	8.496871229148248
BA2502	0.0097837058399423	5.170151455881583
BA2505	0.0148648161499639	7.376180959373921
BA2507	0.0108904109589041	6.323164550140183
BA2510	0.016472602739726	10.002789722138292
BA2511	0.0059480894015861	3.922883496370989
BA2512	0.0125036049026676	7.831734620799914
BA2514	0.0112743330930064	12.464773887304768
BA2515	0.0118655371304974	6.457286183596167
BA2520	0.0036265320836337	8.985294270008062
BA2521	0.0162959625090122	6.039672451791439
BA2523	0.0194394376351838	5.0196321228327445
BA2524	0.0125360490266762	12.744466486724487
BA2525	0.0119700793078586	6.218346892459119
BA2526	0.0263968997837058	14.722664413461908
BA2528	0.0154992790194664	5.09724749614456
BA2532	0.0165176640230713	10.267037725282934
BA2534	0.0232516222062004	6.905483298599527
BA2538	0.012586517664023	16.900502695589743
BA2539	0.0068961788031723	4.537088989102422
BA2540	0.0125937274693583	6.054894152053536
BA2541	0.0059012256669069	5.380551582067623
BA2545	0.0118186733958183	4.784629124407232
BA2546	0.0096431146359048	5.446428254358931
BA2552	0.0384967555875991	11.048744621165277
BA2559	0.014059120403749	9.506071501436072
BA2561	0.0080064888248017	2.698809235538483
BA2563	0.0161067051189617	5.826710141712514
BA2564	0.0097710886806056	4.965887445456906
BA2567	0.0041636625811103	4.228732816065597
BA2570	0.0145692141312184	6.188232444630103
BA2575	0.0071935832732516	3.365521473683459
BA2577	0.0213626532083633	5.136144319266734
BA2579	0.0098648161499639	6.095692717066467
BA2583	0.0164635904830569	8.733469835291752
BA2584	0.0166005767844268	6.580453500304655
BA2587	0.0186751982696467	7.152262327264241
BA2588	0.0140032444124008	5.335671793208127
BA2589	0.0179704397981254	11.82108418072203
BA2592	0.0183543619322278	12.80542962725442
BA2593	0.0048125450612833	1.4578515196858592
BA2594	0.0085021629416005	5.250992173300524
BA2595	0.0101045421773612	7.314215009283154
BA2597	0.0188248017303532	7.244110096103369
BA2600	0.011598774333093	8.038362956251401
BA2603	0.0146557317952415	4.495606003592097
BA2618	0.0207354001441961	5.826500133225679
BA2619	0.0106759192501802	5.773876071762738
BA2620	0.0146971881759192	7.255773133242853
BA2621	0.009030281182408	4.710135869407433
BA2622	0.0153731074260994	7.653119517097366
BA2623	0.0129217736121124	9.40092566995743
BA2629	0.0102992069214131	5.744190992546044
BA2631	0.0144736842105263	5.408056770560164
BA2634	0.0064221341023792	3.1390996064394523
BA2636	0.008720259552992	5.599436930312099
BA2639	0.0137959625090122	6.751635296164063
BA2644	0.0111986301369863	4.347545693855714
BA2645	0.0217844268204758	11.338817253390667
BA2646	0.0225540735400144	7.34079128932588
BA2649	0.0211121124729632	6.336509856905971
BA2651	0.007761355443403	5.327329218940472
BA2653	0.0130948089401586	6.741661901767047
BA2655	0.0299783705839942	20.979843074517063
BA2656	0.0079307858687815	5.593365660631477
BA2657	0.0115537130497476	5.725728742986446
BA2658	0.0126622206200432	7.156806709149088
BA2659	0.0140519105984138	4.917205791312726
BA2660	0.0080857966834895	3.8394979272238334
BA2662	0.0143330930064888	5.174873375641067
BA2663	0.0116925018024513	7.00039899140675
BA2667	0.0136445565969718	3.9386095782797024
BA2670	0.0059354722422494	7.010879398612126
BA2674	0.0104379956741167	6.38393882304059
BA2675	0.0151568132660418	5.890971402854032
BA2676	0.0147981254506128	2.984556426375248
BA2677	0.0095962509012256	5.460753359498715
BA2681	0.0056380677721701	3.461145248284914
BA2682	0.012732516222062	9.285907166638385
BA2685	0.0221935832732516	13.002102555570051
BA2688	0.0081380677721701	5.405234527166779
BA2691	0.0082858687815428	7.232251902065646
BA2694	0.0088482335976928	6.538240750812436
BA2695	0.0070007209805335	10.34062578591702
BA2697	0.0056218457101658	2.119432425427371
BA2701	0.009388968997837	4.618057162114398
BA2704	0.0232498197548666	5.535302395714046
BA2705	0.0289185291997116	21.039284807379435
BA2707	0.0052000720980533	12.846809225027252
BA2709	0.008352559480894	6.452180094914144
BA2712	0.0131182408074981	5.12499264835343
BA2714	0.0148071377072819	7.440353743657345
BA2715	0.0302505407354001	8.663863519479758
BA2718	0.0331092285508291	6.603726368014267
BA2720	0.0045331651045421	7.317059382439903
BA2721	0.0158417447728911	9.006565138676907
BA2722	0.0155623648161499	8.754862741534723
BA2723	0.0153586878154289	11.432916728342231
BA2724	0.008516582552271	7.643542629558988
BA2726	0.008866258111031	5.631474449942824
BA2727	0.0105082912761355	4.266885362567517
BA2728	0.0145583994232155	5.933667435809032
BA2731	0.0071449170872386	4.816553367169133
BA2733	0.006016582552271	7.235750909460834
BA2735	0.0094772891131939	3.7589443349711695
BA2737	0.0095133381398702	7.80736744659906
BA2742	0.0109138428262436	6.819091270048172
BA2744	0.0048918529199711	1.8768139796476824
BA2746	0.0107534246575342	7.157495516218844
BA2747	0.0102829848594087	5.209547620025101
BA2748	0.0250684931506849	8.072592516374547
BA2751	0.0057804614275414	3.963500473344423
BA2756	0.015416366258111	6.716951876904163
BA2758	0.0097909156452775	4.710901142268208
BA2760	0.0199783705839942	9.853778005013144
BA2762	0.0134895457822638	8.394525106949406
BA2764	0.0110994953136265	4.328661171246706
BA2765	0.0068673395818312	5.208450644789859
BA2769	0.0132498197548666	7.827468774211522
BA2772	0.0075180245133381	5.97284667334818
BA2775	0.0131074260994953	4.925416646109865
BA2776	0.0300306416726748	7.880109923538056
BA2778	0.0114708002883922	7.562532731106684
BA2782	0.0080569574621485	4.952764949874134
BA2786	0.0120547945205479	8.183059217300544
BA2787	0.0031254506128334	2.1797058119946406
BA2789	0.026472602739726	8.466252644258558
BA2791	0.0192880317231434	7.691848918126244
BA2792	0.0083723864455659	4.463237476301028
BA2798	0.019176279740447	16.570351034793458
BA2801	0.005706560922855	5.434259868792764
BA2802	0.0085291997116077	6.973941087243167
BA2804	0.0094412400865176	4.037242107518753
BA2806	0.0151315789473684	9.303315218445215
BA2808	0.006452775775054	7.037198050366787
BA2809	0.0128298485940879	7.056956723986425
BA2811	0.0167159336697909	7.022504907624065
BA2812	0.006986301369863	3.1636674096968176
BA2813	0.0101748377793799	6.747410978812964
BA2814	0.012141312184571	4.273687905071829
BA2816	0.0128983417447728	5.91463967363939
BA2817	0.0133705839942321	8.710303645804524
BA2820	0.0195241528478731	10.04455555464702
BA2821	0.0274477289113193	9.609024219106018
BA2822	0.0146539293439077	7.588331246779345
BA2824	0.0203262436914203	6.101878154078072
BA2828	0.0093727469358327	7.530200998488456
BA2829	0.0157137707281903	9.098982536320552
BA2830	0.0076910598413842	9.370719566225471
BA2832	0.0145367700072098	5.843105657296732
BA2836	0.0119899062725306	10.818872789112495
BA2837	0.0134246575342465	9.139573591800271
BA2839	0.0310886806056236	14.3200674553256
BA2840	0.0080533525594808	12.625254690534293
BA2841	0.0249585436193222	14.75027922621539
BA2842	0.0069790915645277	5.473650813185442
BA2843	0.0125991348233597	10.754092102581224
BA2844	0.0165176640230713	9.548955095388392
BA2846	0.0267069214131218	7.224077524078292
BA2850	0.0103568853640951	7.298949905423584
BA2851	0.0235832732516222	10.300996861027816
BA2852	0.0104434030281182	6.415393177434403
BA2855	0.0142087238644556	8.902960568738699
BA2856	0.0061751982696467	3.64075814736288
BA2858	0.0095602018745493	6.219728248738839
BA2860	0.0067519826964671	3.988486367958493
BA2861	0.0149585436193222	3.743036631019776
BA2865	0.0138139870223503	4.822354131059117
BA2866	0.0177505407354001	6.383766854889167
BA2867	0.0181416726748377	11.530855459216278
BA2868	0.022945205479452	8.254055222749177
BA2870	0.0288085796683489	8.687726343112084
BA2871	0.0117988464311463	9.483257551622357
BA2872	0.011559120403749	5.336013041220989
BA2876	0.0157948810382119	7.255630980956607
BA2879	0.0138914924297043	10.040792049679157
BA2880	0.0088518385003604	5.616040408905194
BA2882	0.0111085075702956	5.066109773423127
BA2883	0.0226189617880317	10.51440705076758
BA2885	0.0144754866618601	8.316286707708818
BA2887	0.0185832732516222	7.649441121123526
BA2889	0.0001099495313626	0.0161257053581997
BA2893	0.0105371304974765	3.764196734779437
BA2901	0.0094160057678442	4.5257604398520055
BA2902	0.0132930785868781	9.971907301236149
BA2903	0.0040879596250901	4.112767189357417
BA2904	0.0122098053352559	6.557617115754899
BA2905	0.0205587599134823	8.18108248953155
BA2906	0.0187761355443403	6.073718966682603
BA2908	0.0214978370583994	6.380997148375305
BA2909	0.0079055515501081	3.22238943336318
BA2910	0.0172152126892573	10.356564416499069
BA2911	0.0161535688536409	7.827838322931218
BA2914	0.0139798125450612	4.931271407943531
BA2915	0.0079091564527757	3.518012386036431
BA2921	0.0102000720980533	5.342854003232453
BA2922	0.017528839221341	4.604940321039385
BA2923	0.0063229992790194	4.048089410027563
BA2926	0.0152487382840663	4.250203851686019
BA2928	0.0180551550108147	4.746243539771504
BA2930	0.0134913482335976	5.947980278157666
BA2932	0.0167591925018024	6.018177487444411
BA2934	0.0065338860850757	4.784164089922402
BA2935	0.0084967555875991	5.5987236773587705
BA2937	0.0097638788752703	4.725247940183321
BA2939	0.0099242970439798	7.126203145405775
BA2944	0.020232516222062	12.872653610287054
BA2947	0.0107516222062004	6.194552805008894
BA2948	0.0091474405191059	11.299589822625558
BA2950	0.0101117519826964	13.090039491194194
BA2951	0.0080299206921413	2.723594549166284
BA2952	0.0254001441961067	8.279743324611283
BA2953	0.0064059120403749	4.077532651933289
BA2955	0.0074098774333093	2.982652220160717
BA2956	0.0048413842826243	6.1588485055902735
BA2962	0.0184571016582552	7.53877636930182
BA2970	0.0105118961788031	8.655429123654205
BA2972	0.0217393655371304	10.337138259965547
BA2976	0.0060994953136265	5.598365875374405
BA2978	0.0098107426099495	6.736780358429188
BA2981	0.0137527036770007	11.85195152042164
BA2984	0.0127253064167267	5.787690122984758
BA2986	0.0124855803893294	5.986381324836801
BA2989	0.018972602739726	12.116097976374686
BA2992	0.0137328767123287	9.940297330554769
BA2993	0.0062509012256669	4.948374112892736
BA2994	0.0163446286950252	9.747410004884276
BA2995	0.0128929343907714	10.940365038759824
BA2999	0.0155875991348233	6.394043301776787
BA3001	0.0230966113914924	4.308921217084684
BA3002	0.0170007209805335	8.17575748914207
BA3004	0.0253803172314347	7.4887394964058895
BA3006	0.0083777937995674	3.5981719129204017
BA3008	0.0010868781542898	0.8469229483892212
BA3009	0.0132912761355443	6.678511589306733
BA3010	0.0096232876712328	4.7917194517564194
BA3011	0.0240374909877433	11.009572107367855
BA3013	0.0143240807498197	5.361445142064962
BA3023	0.0165969718817591	11.403501771397671
BA3025	0.0182480173035328	5.528878594155941
BA3027	0.0054902667627974	8.175456400127459
BA3029	0.0092357606344628	7.101272171509551
BA3030	0.0145746214852198	5.689314201701428
BA3037	0.0189149242970439	7.801019927807868
BA3038	0.0169196106705118	8.016676658156003
BA3040	0.0160490266762797	5.013226709221792
BA3042	0.0222819033886085	10.441486118865791
BA3043	0.0070421773612112	3.1669775495342853
BA3049	0.0035255948089401	4.009765047608239
BA3051	0.0110310021629416	7.383089113215114
BA3053	0.0164708002883922	7.865830143760816
BA3064	0.0178640951694304	12.203966027803164
BA3067	0.0239329488103821	16.386603430370126
BA3068	0.0234066330209084	12.34335992429987
BA3070	0.0086355443403028	5.329021503483119
BA3071	0.0194971160778659	8.253729935407645
BA3072	0.021346431146359	8.061223131111625
BA3075	0.0129073540014419	11.990895464480795
BA3076	0.0033759913482335	3.892817160150058
BA3077	0.0144196106705118	9.153598110705182
BA2040	0.0086806056236481	9.175875712085158
BA2160	0.0166672674837779	5.419518250105902
BA2303	0.0109228550829127	4.513407372813413
BA2353	0.0162563085796683	8.755088980960213
BA2516	0.0162851478010093	4.828178845751652
BA2590	0.0327685652487382	10.806648294004129
BA2647	0.0120223503965392	10.546007576127964
BA2891	0.009543979812545	9.983106997776776
BA2924	0.0133219178082191	15.913990861582382
BA2971	0.0093204758471521	10.03152783717293
BA3036	0.0145259552992069	5.541584145603352
BA3059	0.015571377072819	10.193498541072923
BA3073	0.0136878154289834	7.360126182606909
BA3078	0.0171070656092285	11.86803297462222
BA3079	0.0097873107426099	4.661125647799911
BA3083	0.0143294881038211	8.06772090415286
BA3084	0.0100558759913482	5.8934262187268605
BA3085	0.0095872386445565	11.090255132973727
BA3087	0.0460724585436193	12.355459751121304
BA3089	0.0248864455659697	7.25301679062625
BA3094	0.0194214131218457	11.041619783251663
BA3095	0.0163680605623648	5.068568283120489
BA3098	0.0141834895457822	6.991810491754196
BA3099	0.0234228550829127	11.39512752919247
BA3103	0.0260598413842826	15.160860352770747
BA3108	0.0228857245854361	5.653020201695173
BA3109	0.0128082191780821	9.750970426957114
BA3110	0.0175684931506849	8.209981678186022
BA3114	0.0120421773612112	7.908919289515556
BA3116	0.0108183129055515	11.592377659327145
BA3117	0.030697548666186	13.13333836975136
BA3118	0.0119214131218457	13.486350483404
BA3119	0.0342880317231434	8.78350024160864
BA3123	0.0154091564527757	7.008992097489251
BA3124	0.0086968276856524	3.129686576704401
BA3126	0.0155641672674837	7.9173556584436415
BA3128	0.0190338860850757	11.271273998150129
BA3130	0.0098792357606344	9.418726202654064
BA3133	0.0151586157173756	10.178189639921516
BA3135	0.0262274693583273	11.941560509148738
BA3136	0.015542537851478	10.253250731362092
BA3137	0.0138572458543619	7.338924223142968
BA3138	0.0158543619322278	10.414795225560956
BA3139	0.0150522710886806	17.258314565425334
BA3141	0.0224477289113193	6.545148308037501
BA3142	0.0263806777217015	11.62836586476511
BA3145	0.0116618601297764	5.3382608758586105
BA3146	0.0169232155731795	7.364030420353738
BA3149	0.0144826964671953	10.327674636989473
BA3152	0.0138248017303532	6.224415883773808
BA3153	0.0316888968997837	27.44360959321196
BA3154	0.0201856524873828	14.516429189029612
BA3156	0.0050630857966834	10.324925459632771
BA3157	0.0243006488824801	8.482417256205652
BA3158	0.015192862292718	4.458653927751793
BA3162	0.0246665465032444	8.958259499581736
BA3163	0.0108471521268925	4.982016306725124
BA3164	0.0192736121124729	11.631327134477358
BA3167	0.0217844268204758	9.90411729888174
BA3169	0.0142862292718096	6.73132212346086
BA3171	0.0217898341744772	8.940911387748972
BA3173	0.0176514059120403	14.321521741192884
BA3174	0.0074242970439798	10.188401659367791
BA3175	0.0070782263878875	6.518598135837827
BA3176	0.0175648882480173	4.601219286047787
BA3177	0.0181578947368421	14.26827501228109
BA3178	0.018866258111031	4.48521284555252
BA3180	0.0314023071377072	12.428771527211202
BA3181	0.0079632299927901	4.941219915419416
BA3182	0.0166888968997837	11.15542930080475
BA3183	0.0248089401586157	11.593246203406302
BA3185	0.0126496034607065	14.738810883852926
BA3186	0.0253749098774333	10.255717397881012
BA3187	0.0107930785868781	9.335126507956929
BA3189	0.0150558759913482	9.162069345150764
BA3190	0.0103731074260994	13.05872274721381
BA3191	0.0097116077865897	5.316468358062226
BA3192	0.016888968997837	11.112137954174871
BA3194	0.0324909877433309	10.828521153955394
BA3195	0.0149477289113193	7.542179259494702
BA3197	0.0242429704397981	5.623701754961225
BA3199	0.025270367700072	10.069656448171594
BA3200	0.0230785868781542	8.879603470271409
BA3202	0.0192880317231434	14.616834097303377
BA3203	0.0158597692862292	12.51860281852705
BA3206	0.0162743330930064	4.97126836433337
BA3207	0.0133020908435472	10.9680351260136
BA3208	0.0090915645277577	4.628375961107932
BA3210	0.0217123287671232	12.257578542112416
BA3211	0.0179812545061283	6.274739911097059
BA3212	0.0332281903388608	10.729632605196675
BA3213	0.0166149963950973	14.944900360047685
BA3214	0.009592645998558	11.04152754633376
BA3216	0.0157137707281903	11.813560094606704
BA3217	0.0261878154289834	9.015965338213864
BA3219	0.0107354001441961	9.526912226718125
BA3221	0.0088698630136986	4.248520446905524
BA3222	0.0215771449170872	7.191689908511459
BA3225	0.0116240086517664	6.682365228577448
BA3226	0.0166204037490987	4.989312700628266
BA3227	0.0285291997116077	8.325740021180044
BA3228	0.0207173756308579	14.657568203073335
BA3229	0.0180821917808219	8.197566445110315
BA3230	0.0169899062725306	5.047592370752376
BA3232	0.0152343186733958	5.948552311154804
BA3234	0.0154217736121124	13.351688981233076
BA3235	0.0098558038932948	7.427941513129593
BA3237	0.013042537851478	5.105010099012096
BA3240	0.0435886806056236	8.485001864518697
BA3242	0.0128731074260994	4.618737403851087
BA3243	0.0143330930064888	7.010250119153248
BA3245	0.0212076423936553	16.437041039645777
BA3249	0.0218637346791636	9.07673034107761
BA3250	0.0191041816870944	11.807917234605576
BA3251	0.0130353280461427	7.936865951274602
BA3255	0.0108309300648882	5.468665962316574
BA3258	0.0105461427541456	9.275928810096453
BA3260	0.0103064167267483	9.927508771041062
BA3261	0.0220511896178803	5.343457445028463
BA3264	0.029127613554434	13.8129075471798
BA3266	0.0226856524873828	11.093631692375814
BA3268	0.0360526315789473	13.186637775176834
BA3269	0.0187328767123287	12.537869696162897
BA3270	0.0144881038211968	8.869759207665266
BA3271	0.02060021629416	10.01502505613083
BA3273	0.0321178803172314	12.725542133976614
BA3275	0.028923936553713	12.390635223713476
BA3277	0.0209318673395818	16.53161080309516
BA3280	0.020474044700793	12.712328694156614
BA3283	0.0126387887527036	13.81285525117002
BA3285	0.0137274693583273	16.388361286987642
BA3286	0.0178496755587599	5.122752447267472
BA3289	0.00443763518385	4.419617446414227
BA3290	0.012072819033886	8.727921239514222
BA3293	0.0246773612112472	9.256485545630415
BA3295	0.0183255227108868	10.66089942280696
BA3296	0.0086697909156452	7.266924124622033
BA3297	0.029592645998558	11.788319896282156
BA3299	0.0119646719538572	15.041393615511756
BA3300	0.0211211247296323	8.533297658949502
BA3302	0.0303640951694304	10.546308977569293
BA3305	0.0147007930785868	8.781551971143024
BA3306	0.0206741167988464	12.15511051235857
BA3308	0.0207624369142033	6.776324196204662
BA3310	0.0220061283345349	8.074304802194419
BA3311	0.0114113193943763	9.344402198714551
BA3312	0.0251261715933669	8.869927015479707
BA3315	0.0143006488824801	12.797313161484237
BA3317	0.0217303532804614	6.429395704391972
BA3318	0.0297746935832732	17.76097624802227
BA3319	0.0158723864455659	9.875724789545169
BA3322	0.0114095169430425	4.836542541877277
BA3324	0.0199585436193222	11.561008858355976
BA3325	0.008613914924297	9.133599465247178
BA3326	0.0136049026676279	11.84214445456833
BA3328	0.0238320115356885	10.520351351015211
BA3329	0.0240699351117519	13.90878097228534
BA3332	0.0214257390050468	20.36363506468001
BA3333	0.0258345349675558	14.353634882887071
BA3334	0.0063284066330209	3.788345304319909
BA3335	0.0219340302811824	13.484023219280386
BA3339	0.0081434751261715	4.900271004961472
BA3341	0.0315843547224224	8.560071070209384
BA3345	0.0086535688536409	6.209151434049098
BA3347	0.0091204037490987	11.674396541060023
BA3351	0.02288752703677	16.428949804447118
BA3352	0.0120475847152126	4.602690020195827
BA3353	0.0246917808219178	7.728797272154251
BA3357	0.0200486661860129	12.476361001593707
BA3362	0.0155894015861571	6.895942416930521
BA3367	0.0081957462148521	14.45594240558945
BA3369	0.0196160778658976	13.198173254743493
BA3371	0.0122458543619322	8.924909489744266
BA3373	0.0306218457101658	13.137126832638147
BA3374	0.0103550829127613	2.606478582131555
BA3375	0.0152433309300648	6.06716384839842
BA3376	0.0162545061283345	6.445563475900188
BA3379	0.0181542898341744	8.12075120670758
BA3380	0.0142591925018024	11.65954312886202
BA3381	0.0167501802451333	10.435577565474157
BA3384	0.0072999279019466	6.397190643000862
BA3385	0.0116690699351117	5.724325889884125
BA3386	0.0239509733237202	8.198786186578655
BA3388	0.0093096611391492	5.630583086667913
BA3390	0.0079866618601297	9.412046912208762
BA3394	0.0117916366258111	8.02038864659534
BA3395	0.0144935111751982	4.912450843423482
BA3397	0.0168493150684931	9.873353106908246
BA3399	0.0047422494592646	3.850387379436677
BA3400	0.0321106705118961	20.375397193463364
BA3403	0.0235742609949531	8.588705592323302
BA3405	0.0131092285508291	5.31733965244663
BA3406	0.0152865897620764	5.82387826410255
BA3407	0.0167718096611391	15.0801296058349
BA3408	0.0113987022350396	4.822844558043677
BA3410	0.015310021629416	8.713075424584437
BA3411	0.0167411679884643	6.642835124625615
BA3412	0.0209841384282624	12.056319762120248
BA3413	0.0226099495313626	5.850560682647774
BA3415	0.0468709444844989	11.981232494272346
BA3416	0.0243979812545061	7.697840966496973
BA3417	0.0155136986301369	8.437538970733167
BA3418	0.0136211247296322	11.999036637665515
BA3421	0.0068943763518385	3.1015736941945664
BA3422	0.025726387887527	18.0463231318666
BA3423	0.0239113193943763	13.485250998889788
BA3427	0.0089401586157173	7.972185871528775
BA3430	0.0045998558038932	5.856892908066203
BA3431	0.0114131218457101	7.230985432585062
BA3433	0.0253460706560922	11.89060876329801
BA3434	0.0106434751261715	7.155672883981585
BA3435	0.0162527036770007	6.803691750913511
BA3436	0.0194935111751982	4.511248386601899
BA3438	0.026249098774333	6.676240358828047
BA3445	0.0117375630857966	11.871240974458573
BA3446	0.0113987022350396	9.489472973736936
BA3447	0.0030984138428262	1.5291347930210009
BA3448	0.0086860129776496	4.4352168611846885
BA3449	0.0130155010814708	8.294534540824397
BA3450	0.0171034607065609	14.587326516732576
BA3451	0.0128244412400865	7.525625569207162
BA3452	0.0115663302090843	7.438376433088703
BA3453	0.0135562364816149	11.43539834323094
BA3454	0.0264077144917087	12.793393733532138
