	IDH2	PTPN11
BA2392	9.29647098090766	7.10534081557561
BA2611	9.30906602396076	6.97042186538325
BA2506	9.29647098090766	7.0594253136799
BA2430	9.27569316532541	7.07556396699123
BA2448	9.29229417829056	7.06596636229514
BA2730	9.23491479941431	7.09423229403913
BA2845	9.2109276242084	7.04424068249485
BA2326	9.23089240757758	7.05570452227078
BA2341	9.25517667754352	7.01847365520979
BA2612	9.2109276242084	7.08741196449123
BA2973	9.22287720595147	7.0420285397911
BA2390	9.25517667754352	7.07405167828484
BA3218	9.21490111990201	7.04344633578654
BA3105	9.2429894144776	7.00490622738367
BA3402	9.22687989289351	7.01983909137586
BA3276	9.28397254525379	7.01338554790523
BA2409	6.82851443258156	6.68698956921182
BA3037	8.03722226484621	7.26938021173089
BA2496	8.28311530497155	6.71610247691018
BA2172	9.30485684547982	6.91265400996675
BA2865	7.78959302181462	7.04276966075825
BA2923	7.82688083190866	6.20964310204874
BA2751	8.18796359837961	6.61925110660737
BA2480	8.39960495989321	6.55451548155805
BA2286	8.48158973981744	6.86903485569995
BA2922	8.46430959418229	7.26585264294213
BA2452	9.09230819306279	7.26503778677364
BA3379	8.50160207030541	7.09710413510838
BA2887	8.79635277497105	7.26238233832031
BA2712	8.63894476137773	7.05796014084047
BA2068	8.32228693534529	6.78009238710876
BA2236	8.19211577067672	6.78739149461742
BA2104	7.5725144548201	6.3190384639483
BA3124	7.54733361982974	6.27468820513848
BA3395	8.40664550150058	7.54970729199318
BA2921	8.8525926437112	7.46679247570854
BA2449	9.26335235036244	7.09710413510838
BA2003	7.84883391972247	5.98627491229184
BA2360	9.07761127342397	6.83403264485773
BA2802	8.34007975821985	7.15951987646114
BA2235	7.79956921933088	6.75309739437635
BA2858	8.67537853618004	6.71325528813671
BA3038	7.93502206043898	6.69136843496562
BA3006	8.15090969693391	6.87403385388121
BA2245	8.58992566833602	7.51849616731086
BA2667	8.40664550150058	6.70082648857542
BA2239	7.47952389617521	6.62136909185019
BA2782	7.29077391107671	6.3931237186825
BA2649	8.78108213178214	7.22705513643141
BA2488	7.92699657991781	7.03986452617139
BA2861	8.59798330037588	7.08598210070988
BA2909	7.35673455123978	6.55713498264667
BA2429	7.43426786956565	6.38694021270264
BA2653	8.88978486658959	8.09064390303592
BA2134	7.41497012248878	6.67231936736834
BA2947	8.22627943224245	7.04635072837336
BA2032	7.75510135803604	6.95550948162844
BA2162	7.46474071975909	7.16132716982423
BA2564	8.24301678047805	6.77246010495607
BA2597	7.85205086731265	7.34837532536667
BA3243	7.96905854853838	7.0549889553605
BA2106	8.44481942009045	6.44275689894875
BA2427	7.99413751864958	6.95895559810233
BA2841	9.26745559419095	6.8971019245288
BA2446	8.52190108216259	6.85962983110872
BA2645	9.14481502348153	7.16132716982423
BA2525	6.8791208631907	6.23708437608245
BA2876	7.46260985261637	6.6963494054774
BA2357	8.73910632748104	6.70250395591763
BA2546	8.06706072393759	7.03779348616319
BA2742	7.80094268898657	6.59094704308975
BA2316	8.04414638908848	6.68698956921182
BA2421	8.03197078783115	6.67231936736834
BA2087	8.4934060566155	7.08068398565122
BA2910	8.50664971851981	7.55300749734541
BA2148	7.08821062221174	7.22867709025789
BA2063	6.611693175134	6.33509433573957
BA2329	8.0095286113404	6.72062167573975
BA3178	8.03550248502968	6.54408446340443
BA2072	8.53215993801742	6.69807753006718
BA3029	7.69921272259806	6.81689630084604
BA2733	8.22650342209935	6.53989151011847
BA2995	8.41846114844672	6.54978276410253
BA2069	8.65565049707964	6.97731252665637
BA2100	7.63755645913212	6.74268846032395
BA2681	8.51679913189176	7.03126251610198
BA2248	8.30473182450184	7.33163994376767
BA2832	8.3695120975799	7.2509128285615
BA2308	8.26607857536642	7.17275321082541
BA2413	8.32449794408229	7.166329054571
BA2701	7.60395254604328	6.83403264485773
BA2634	7.81249915728454	7.23215951369131
BA2677	8.27670009201677	6.83029032072815
BA2937	8.23061160269424	7.08741196449123
BA2600	8.16254296358662	6.24819820835326
BA2019	8.7332018546727	7.18812871773308
BA2412	7.24218373520164	6.54766219361137
BA2334	8.12230223339654	6.86903485569995
BA2050	8.72731998420373	7.14070376063247
BA3230	8.51934782702254	6.88430660085161
BA2953	9.03786515454843	6.42575430557831
BA2481	8.41135949860071	6.61700352029779
BA2731	7.72809482559201	6.72355108630667
BA2294	8.69249597847146	7.07329793491951
BA2418	7.83704881770087	6.6143322001923
BA2816	8.27244095196937	6.82309107200081
BA2656	8.50412364911741	6.78618260321054
BA2814	8.7332018546727	6.37031994316104
BA2631	8.03722226484621	6.93021683662514
BA2023	7.84567146798846	6.57921927462639
BA2375	7.84127876561754	6.84162430439576
BA2485	8.52886682883828	6.90877033903166
BA2455	7.18644077892568	6.77246010495607
BA2025	8.672544374331	7.25008508374438
BA2636	8.25554427681065	7.08068398565122
BA2325	7.05796014084047	6.76476869070353
BA2169	8.85577669200061	7.80392510487274
BA2156	8.78108213178214	6.77834045992494
BA2511	7.46784096415085	6.38217571781426
BA2939	7.72545959564587	6.28823715765654
BA2168	8.29820901257083	7.02698040559294
BA2505	8.14705635633251	7.21621114040909
BA2860	8.42321613548815	7.13596647021647
BA2707	8.66689198102969	7.01543819204674
BA2871	7.80682500789732	7.01759724929549
BA2655	8.7420670822246	7.09710413510838
BA2227	8.0301567645062	6.45750445904916
BA2125	8.3695120975799	7.32880266743386
BA2523	8.58992566833602	7.12664090320603
BA2603	7.97230357086309	6.7928687930301
BA2808	8.20213208675208	7.62925234894777
BA2282	7.09119041085949	6.03279032756297
BA2482	8.43037965011906	6.97042186538325
BA2812	8.25764420926654	6.40785243829132
BA2822	9.45324250904435	7.85777881958234
BA2594	8.40194775982719	7.22204702944845
BA2747	8.55813210635661	6.84839040918598
BA2561	8.07789379739417	6.23664169060856
BA2567	6.56478809528508	5.88005273032646
BA2906	8.95099667095566	7.23036606098158
BA2956	7.83985748399556	6.67446820413111
BA2474	7.82988769642495	6.71554173603585
BA2737	8.0301567645062	6.8175184307766
BA2110	7.17595663951225	6.42189529871828
BA2992	8.37180321609369	7.02978091514104
BA2220	8.79022656584331	7.18644077892568
BA2772	8.22445433533228	6.64072538795855
BA2935	8.03369173116136	6.48412876670839
BA2260	8.23267071257109	6.88993208075706
BA2676	8.5555137585582	6.9965338713589
BA2948	7.3014086607396	6.67339810625054
BA2524	8.30037965468589	6.87150487669772
BA2811	8.49156043324924	7.33796606665151
BA2540	7.64636707538027	6.6322579586067
BA2928	9.16398396797258	6.81569990825769
BA2302	8.06706072393759	6.75716311747521
BA2595	8.86857724833819	6.73108967735957
BA2792	8.38795127420314	6.80239867331755
BA2651	7.83268389248944	7.43037850226792
BA2619	8.57129520837751	7.281719536851
BA3013	9.13342062895717	6.8072812584581
BA2405	8.57394218930808	6.61979235879454
BA2735	8.01965582601105	6.59311218108753
BA2856	6.83661488155882	6.62245620960063
BA2377	8.70296361717243	7.47952389617521
BA2499	8.30909856685695	7.33163994376767
BA2463	8.46370355203629	6.1281715906941
BA3023	8.57129520837751	7.07180826529373
BA2095	9.33883912107995	7.27636680044251
BA2901	7.69288267465993	6.75831323775631
BA2275	8.24717893447311	6.90492530830845
BA2387	7.88494695067266	6.9068542300968
BA2962	8.59529250724368	7.12040364606583
BA2195	8.20012237793382	6.71384139703977
BA2688	7.81385914418798	6.43193622663115
BA2787	6.53792906948021	5.683055970914
BA2420	8.65006116973985	7.09927444538542
BA2756	8.77804587995587	6.73922514739457
BA2122	7.22786001580346	6.21887740590051
BA2053	8.13938594647296	6.74097656792209
BA2080	8.7420670822246	6.6892157543699
BA2081	8.62242404966029	7.04635072837336
BA2354	8.03197078783115	7.18398636132438
BA3273	8.71530617987172	6.61484329859941
BA2893	7.97069985635942	6.58991080721251
BA2044	8.60067902691643	6.98137959105818
BA2489	8.3311533449718	7.08227901596389
BA2309	8.77501554362266	6.84162430439576
BA2720	7.72941398094	6.80239867331755
BA2908	8.46065657230778	7.10160504306164
BA2054	7.90191887122195	6.53448056780642
BA2872	8.7420670822246	6.8072812584581
BA2526	7.97556074370465	6.71268468403438
BA2041	9.11460476788528	7.34082017175962
BA2464	8.03197078783115	7.01338554790523
BA2902	7.84883391972247	6.25676516705994
BA2541	8.09989277486394	7.08368088883067
BA2143	7.95296500400789	7.02052497875875
BA2094	8.51679913189176	6.56326897910348
BA2769	8.45696872743274	6.45847746962255
BA2843	9.00955709168753	6.29268793995786
BA2592	8.77804587995587	6.72757025712009
BA2497	8.52190108216259	7.05362684769664
BA2718	9.77539354132974	6.92559422045597
BA2575	8.0044307958278	6.55713498264667
BA2096	8.90103696609653	6.77304018403642
BA2593	7.29348678773891	5.14123425745589
BA2791	7.98067391429632	7.35578970076071
BA2620	7.72809482559201	6.88993208075706
BA2629	8.34906675857089	6.73637438056
BA2870	8.60608533344799	6.83843057067482
BA2423	7.46260985261637	6.46528423305325
BA2682	8.11478606741055	7.00642277827321
BA2276	8.5872495962732	6.60106588860888
BA2348	7.57949702449786	6.31115381839613
BA2709	8.36722488709977	6.80966373142259
BA2789	8.77501554362266	6.89441914208329
BA2694	7.95452812467512	6.37687982809383
BA2538	8.78108213178214	6.90492530830845
BA2583	8.68676863894814	7.47634089236666
BA2415	7.4333053034535	6.25354722820146
BA2722	8.55813210635661	7.79240622395492
BA2806	8.20012237793382	6.95550948162844
BA2221	8.33560901482561	6.65792194443728
BA3025	9.00255657247606	7.25696535562506
BA2514	8.09800077099819	6.6886775034689
BA2520	8.96458579397726	6.74670042339904
BA2441	8.31347995218337	7.29872623007905
BA2153	7.85777881958234	7.37002936753922
BA2479	7.08297551023298	6.11118909883084
BA2281	8.48906113697349	7.33529770605395
BA2657	7.76200686781066	6.83029032072815
BA2932	8.48906113697349	6.88492067829042
BA2123	9.3735473533766	7.53867754134672
BA2844	8.96800104667789	6.7316871446616
BA2660	8.65565049707964	7.15633759792086
BA2836	8.06147774301482	6.7058515766051
BA3027	7.12040364606583	6.26203648745747
BA2714	7.85633367820174	6.60106588860888
BA2139	6.79931174111644	6.47376016789819
BA2251	9.4000752436972	6.88553914900191
BA2952	7.71347289714959	7.06094242567649
BA2440	7.89883083701412	7.23974353995359
BA2036	7.88793681406652	6.96567270429015
BA2828	8.0095286113404	6.71443140013608
BA2292	9.64008823387741	6.71155130794723
BA2410	8.30255392241405	6.87847286019697
BA2051	7.5032888272442	6.75309739437635
BA2532	7.76614073791854	7.166329054571
BA2986	8.4424022836884	6.95017040445475
BA2494	8.41135949860071	7.28268371584317
BA2515	8.77804587995587	6.91918219556931
BA2748	8.85577669200061	6.92898560318184
BA2970	8.42798766039968	6.71950765088023
BA2622	7.29431703031285	6.41603346705047
BA2839	8.62516478231551	7.39444593270682
BA2052	8.74800571415782	6.83661488155882
BA3011	7.85205086731265	6.52889213798317
BA2868	8.84624370479657	6.8867637487898
BA2510	8.79942491234482	6.81145766315316
BA2065	8.24509615455004	7.08068398565122
BA2691	7.21224786715344	6.91457416198527
BA2374	9.14863087419242	6.87025397395673
BA2804	8.83362186336888	6.53989151011847
BA2670	6.96289154217268	6.55965463360655
BA2675	8.34456564828853	7.07180826529373
BA2589	7.41008797800013	6.79699042284113
BA2031	7.68134464101013	6.77360382440632
BA2198	8.64171611871059	7.25611345915688
BA2066	7.64377441186557	6.69300731767576
BA2344	8.97142354261209	6.87337102503918
BA2459	8.80432724529814	6.79520689964912
BA2229	7.46065818949753	6.82188197814107
BA2559	7.72417589543797	6.51154576024005
BA2093	8.51679913189176	7.67359575985668
BA2000	9.25517667754352	6.78865136154736
BA2425	8.29571260021178	7.60395254604328
BA2905	8.42798766039968	7.22543117773692
BA2304	7.59101188148724	6.57041549701901
BA2976	8.13938594647296	6.6562779760327
BA2386	8.05626383418968	6.54875546973009
BA2035	8.904319577833	7.6112304020112
BA2760	7.83268389248944	7.21956573793108
BA2201	7.88494695067266	6.62952631509886
BA2355	7.42415546195164	6.95017040445475
BA2113	9.00613487905274	7.06371663624663
BA2155	9.23089240757758	7.08671523409321
BA2955	7.60765864505298	6.76898394569665
BA2502	7.56321071069528	6.68355614720783
BA2322	8.41608983118813	6.6430484484285
BA2376	6.9944372976249	6.46333894051768
BA2020	8.87824586229709	6.94945791531145
BA2226	7.35863482899504	6.81394894542996
BA2200	7.94145634611773	6.97176870633362
BA2121	8.45696872743274	7.04133576078419
BA2944	8.7420670822246	7.26150324021213
BA2033	6.87847286019697	6.56014980461976
BA2867	8.68391306436784	6.66177361256097
BA2089	7.5725144548201	6.3688389446517
BA2224	8.09804401257278	6.83535757136623
BA2046	9.16784487350203	6.79874731374986
BA2972	8.54249270039127	6.54042498941119
BA2978	7.48490734822992	6.34007878045522
BA2829	7.62925234894777	6.85895592875875
BA2851	7.99068122497693	6.78491577385659
BA2587	8.42083657982967	6.75946045637828
BA2461	7.51191595859432	6.40454724548096
BA2695	7.10693286579065	6.50854787129231
BA2623	8.50918028997297	7.1445927897216
BA2024	7.248181873002	6.09557546472806
BA2426	8.38795127420314	6.82970946742006
BA2271	8.0301567645062	6.81329812446179
BA3004	8.34007975821985	6.45300101587846
BA2579	7.81538872947805	6.40170617544637
BA3010	8.03884116383771	6.66067320636594
BA2662	8.43758065182973	6.36600938491696
BA2674	7.58991392876001	6.91733301258099
BA2280	7.90803356905227	6.97042186538325
BA2512	7.00146186913291	6.25491135905161
BA2658	7.49358396361658	6.88802086010583
BA2394	7.93502206043898	6.56014980461976
BA2950	7.67625068419832	6.79581543973709
BA2981	8.20818067427413	6.90360620539941
BA2934	6.47279065497325	5.89400600049609
BA2539	7.49256176412129	6.20140158235265
BA2249	7.74263536016322	6.89180239315318
BA2034	7.96905854853838	6.67112647924208
BA2109	7.73332620572976	6.26294056892688
BA2242	7.66613976188412	6.08879387607679
BA2277	7.81538872947805	6.93219471408877
BA2727	7.94145634611773	7.37103549421363
BA2132	8.60067902691643	6.75946045637828
BA2618	7.70961368830257	6.51402356062823
BA2521	8.13747585819058	6.76002445528346
BA2846	8.63341745058943	6.81203867711984
BA2885	7.45866975783138	6.64915964619014
BA2639	8.73910632748104	6.97592290315855
BA2775	8.11853831041796	6.57821130696448
BA2402	7.68775219309565	6.96091622827791
BA2097	7.9003747386446	6.58783674116998
BA2786	8.7332018546727	6.84900595542396
BA2399	8.31787605128572	6.93954050250455
BA2850	7.5552619353094	6.43493754543007
BA2174	8.11104544817006	6.73222274372854
BA2004	7.17275321082541	6.87652414386981
BA3001	8.23061160269424	7.00713971211596
BA2311	7.9609725092348	6.57095981156775
BA2483	8.00271116464237	6.95895559810233
BA3040	9.05581138653334	6.20356343645269
BA2837	8.37639721534742	7.03196402344294
BA2724	7.66369633945432	6.70026474055664
BA2911	7.8210975174081	6.73404028171299
BA2256	8.7420670822246	6.85640581689667
BA2821	8.41372261793503	7.166329054571
BA2233	8.74800571415782	6.30187774864901
BA2744	8.3972661940189	6.32126637219132
BA2880	8.3311533449718	6.87025397395673
BA2621	7.28438406463884	6.4442145827922
BA3002	8.55997698305646	6.90558799283489
BA2501	8.34681429629083	6.94421494122577
BA2993	7.77713213848426	6.86965319256556
BA2301	7.75780436658957	6.6100656847185
BA2852	7.53734841909383	6.03322281740518
BA2133	6.96975356458038	6.16651995068436
BA2866	8.99906762077278	6.76777472760262
BA2212	8.64171611871059	6.6568137663596
BA2685	9.08862153045619	7.20800173217813
BA2273	8.71853926395486	7.21621114040909
BA2477	8.48407580140491	7.10693286579065
BA2659	8.15090969693391	6.87025397395673
BA2124	8.70296361717243	6.68070832768596
BA2363	7.80235955590607	6.77360382440632
BA2369	8.62242404966029	6.49198171831508
BA2534	8.74800571415782	7.23390393878716
BA2400	8.09804401257278	6.93090952480088
BA2762	8.16840116234166	6.67894286315779
BA2312	7.54970729199318	6.61484329859941
BA2813	8.04060780611373	6.79754404909056
BA2211	8.61335419813792	6.79699042284113
BA2171	8.29387857030758	6.83661488155882
BA2746	7.28712238553665	6.62521439483861
BA2798	8.39493145233583	6.63383351459938
BA2809	7.88191833711993	7.11517726354172
BA2288	8.17565360284926	6.48655837104488
BA2801	7.5932544466496	5.71628948447083
BA3030	8.02685700006077	6.67837784799198
BA2588	7.83407017601998	6.59569193185131
BA2296	8.64449262965366	6.90161368403515
BA2300	8.34232080533324	7.57834177713667
BA2903	7.15557221270197	5.70908891657494
BA2473	9.20081280674415	6.7630173908565
BA2545	8.10545619155905	6.73745939965324
BA2840	7.36527517561591	6.78618260321054
BA2528	7.81249915728454	6.26075536574437
BA2646	8.27244095196937	6.97042186538325
BA3407	8.23267071257109	7.08974258985974
BA2240	8.01121552663761	7.22379610574448
BA2926	8.34456564828853	6.91665453342353
BA2272	7.33250978911574	6.32267289165303
BA2306	8.34906675857089	6.97926113627939
BA2765	7.00642277827321	6.42907602157434
BA2904	8.01121552663761	6.73404028171299
BA2883	8.52445890903765	7.14840411383597
BA2726	6.93827202821145	6.42907602157434
BA2234	8.2960419873451	6.77605663940291
BA2022	8.66407371953991	7.22786001580346
BA2228	8.79022656584331	7.19482368325309
BA2037	8.46185834013681	7.45167143306165
BA2184	9.1872873383188	6.945568125872
BA3009	8.07064998624987	6.92174677642902
BA2842	7.21053357648558	6.30695343234241
BA2442	8.01616932095142	6.7928687930301
BA2882	7.51299557490928	6.50598160592548
BA2758	6.90161368403515	5.94678819915787
BA2705	7.53303259081949	6.98821538280907
BA2663	7.25790347094091	6.16309999506727
BA2570	9.21888429779212	6.99719018449603
BA2764	8.04060780611373	5.94307491514827
BA2209	8.22240857358487	6.80845562026412
BA2989	8.68676863894814	6.87212018212394
BA2855	7.77444024847	6.82734034498185
BA2261	7.99739906746641	6.91599118004167
BA2721	7.80956394588893	5.92917652580144
BA2930	6.82612058067876	6.09128064758952
BA2728	8.15671254170946	6.68070832768596
BA2715	8.06884590575294	7.56206988956539
BA2469	7.12664090320603	6.84776495812423
BA2269	6.99377561399407	6.30887529708536
BA2098	7.65632337592004	5.90196356256727
BA2778	6.68355614720783	6.2445717796939
BA2951	8.49908497066643	7.29687122589928
BA2163	8.23473317956582	7.57131151688563
BA2379	7.06166102601644	6.47571845442986
BA2817	6.97794904447586	7.06302085430374
BA3153	9.30065851731011	6.89839628157059
BA2820	7.60280427832536	6.46824522688611
BA2723	7.51299557490928	7.22379610574448
BA2704	9.01658796485945	6.92764387831615
BA2088	8.46430959418229	7.25611345915688
BA2116	7.1940059259717	7.58759859001841
BA2584	8.98864564355709	7.11072300969941
BA3079	7.71867822819813	7.09190952990899
BA2417	8.95099667095566	6.40314188601748
BA2361	8.13747585819058	6.57456923029337
BA2450	8.1017443875296	6.82066158800154
BA2492	7.47524977931761	7.0594253136799
BA2552	9.0307417478067	6.12904074966952
BA2472	7.93502206043898	6.46680230521735
BA2994	8.49406416345013	6.84098754890722
BA2047	8.45209623715645	6.95685605328487
BA2101	7.70330320958059	6.38550593619779
BA2082	8.94761722776196	6.65187762334033
BA2879	6.90877033903166	6.47025472959033
BA2577	9.16398396797258	7.03549223810054
BA2456	7.34929269675225	6.6897450758778
BA2175	8.4424022836884	6.56428369493048
BA2824	7.878761730409	6.59895239127683
BA2507	8.46922505155083	6.72991592484699
BA2563	8.5373170330564	6.80299244523417
BA2244	7.34929269675225	6.63330728837913
BA2470	8.26607857536642	6.99787187673434
BA2984	7.77015373984418	6.59311218108753
BA2414	8.95777690896205	6.9766278154768
BA2697	6.89968682755392	5.95806732051197
BA2079	6.39786567345431	5.91637612602088
BA2999	8.41846114844672	7.04058248557274
BA2644	7.66495366812555	6.38646200740092
BA2011	7.31127241928996	6.08148760261427
BA2217	9.00955709168753	6.93021683662514
BA2454	8.86216405394702	7.59565623174131
BA2776	8.91751782379931	6.85454256896604
BA2218	8.09619809378225	5.99645810395014
BA2135	7.95296500400789	6.81203867711984
BA2914	7.50002964161751	6.36695225743452
BA2500	8.32893113987774	6.72062167573975
BA2830	8.66407371953991	6.49846429425474
BA2406	7.8894951557827	6.95751613947387
BA3108	9.37793858616158	7.26585264294213
BA2924	7.61362919863888	6.69750566900229
BA2303	7.20465709297985	6.44802101478473
BA2160	8.32007964073217	6.67558655089664
BA2038	8.43998936441936	6.83344544574865
BA2602	7.83268389248944	6.68423874907307
BA2964	8.50160207030541	6.81453593095305
BA2898	7.92215119859177	6.47329372187665
BA3003	7.98220941306141	6.32546109149907
BA2111	8.24717893447311	6.45799676814181
BA2827	8.34681429629083	6.46528423305325
BA2912	7.99739906746641	6.35352478320916
BA2437	8.49908497066643	6.50546050499068
BA2283	7.86671215518685	6.40549948389557
BA2057	8.09619809378225	6.38888273500531
BA2633	8.50412364911741	6.50546050499068
BA3034	8.05288390011611	6.45552187143232
BA2607	8.40664550150058	6.3878866435171
BA2761	7.87281860469351	6.41701283707656
BA2795	7.96577419756633	6.37358566074055
BA2182	8.1336646480907	6.5105672693692
BA2152	8.22036612888066	6.46580356265107
BA2381	9.34313727945847	7.09423229403913
BA2931	8.21020338316209	6.62737493861003
BA2040	7.92364245319313	6.62737493861003
BA2590	9.28812805203208	7.19225834495813
BA3195	8.47910806756512	6.59785150913547
BA2516	8.32191640184945	6.72524597427468
BA2353	8.68676863894814	6.97731252665637
BA3036	8.0095286113404	7.023488210081
BA2971	8.14502683997756	6.70309367478267
BA3410	7.98220941306141	6.85895592875875
BA3118	8.30691336971867	6.81629782268832
BA3206	8.09804401257278	7.08974258985974
BA3202	8.6279105840654	6.97318609681243
BA3217	8.27670009201677	6.51917819512762
BA3405	7.92364245319313	6.57720688521491
BA3306	8.37180321609369	6.52375465899181
BA3371	8.62516478231551	6.56739724791344
BA3413	8.81487669872437	6.88232132236019
BA3411	7.98898804212453	6.72991592484699
BA3133	8.34232080533324	7.35298985161002
BA3164	8.30255392241405	7.04851156959908
BA3451	7.51413414557592	6.56942061445838
BA3286	8.7361512573159	6.73345379130114
BA3212	8.57865830342714	7.58879646153396
BA3103	8.7361512573159	6.77421514705842
BA3271	7.97894297933459	6.93152855508892
BA3152	7.94314055717551	6.94819581980106
BA3095	8.46430959418229	6.82008128976274
BA3192	8.43998936441936	7.09190952990899
BA3251	8.42798766039968	6.90940702790402
BA3362	8.88653621315296	6.78550767222755
BA3400	8.02508710399741	6.45847746962255
BA3135	8.83676787171411	6.3878866435171
BA3408	7.02274319881886	6.54766219361137
BA3187	8.53215993801742	6.75309739437635
BA3098	8.73025810259064	7.07919944865791
BA3435	7.96744532914178	7.07103568667065
BA3261	8.66407371953991	6.83535757136623
BA3203	8.15090969693391	6.48120572889895
BA3174	7.617186143553	6.8576823032308
BA3317	8.42559982560594	6.86708630662577
BA3299	7.92868137841977	6.49051077750921
BA3221	7.07556396699123	6.36600938491696
BA3347	7.68134464101013	6.45401948854285
BA3235	6.732801148639	6.40025463094879
BA3126	7.15557221270197	6.89968682755392
BA3380	8.41608983118813	6.50152491798344
BA3089	7.89883083701412	7.04562502354572
BA3109	7.04851156959908	6.69027313849037
BA3114	7.58991392876001	6.07391847012236
BA3418	8.19611264417946	7.3548407117676
BA3245	8.05457002396872	6.98621603600523
BA3085	8.11104544817006	7.48057619109315
BA3128	8.78717245605116	6.6952290990594
BA3423	8.29820901257083	6.86708630662577
BA3173	8.84307877151568	7.11288822976142
BA3171	7.27205163282357	7.86087718753597
BA3277	8.56601564488201	6.59203093136997
BA3210	7.80094268898657	7.09779989974783
BA3157	8.51934782702254	7.00079089475897
BA3433	8.27244095196937	6.47715255483626
BA3322	8.17625565039323	6.65403117957095
BA3374	8.43758065182973	7.18644077892568
BA3450	8.52190108216259	7.03048318855786
BA3167	8.40900046313029	7.12814379144502
BA3269	7.24647814947882	6.50854787129231
BA3110	8.54953218061743	7.03404295294828
BA3156	7.51732737025111	6.71895435387141
BA3226	7.87430709609213	6.93827202821145
BA3421	7.45670028367566	6.45699666582514
BA3232	8.16840116234166	6.86346274491745
BA3289	6.86648111845466	6.34503333401511
BA3430	7.16953610700443	6.63486341869675
BA3145	8.21629115879124	7.03474280183588
BA3399	7.41107466475047	6.31068973576453
BA3449	8.19012213724112	7.36724009431295
BA3384	8.16059641320183	6.71895435387141
BA3427	7.3548407117676	6.69300731767576
BA3163	7.550843282623	6.48560018665895
BA3158	8.81487669872437	7.32779530563549
BA3436	8.18416035809344	6.80545390529169
BA3154	7.9003747386446	7.18235291359456
BA3162	8.3558471237735	6.95960331595656
BA3352	8.70008120144039	6.66781105206711
BA3084	8.8717935877338	6.7892246921242
BA3149	7.40108920011618	7.07919944865791
BA3169	8.25974759702626	7.03267038157323
BA3180	8.81487669872437	7.1639233124779
BA3255	8.01284698319857	6.61979235879454
BA3438	8.57394218930808	7.30411511402805
BA3345	7.574849932275	5.98917879350321
BA3403	7.99413751864958	7.11817234858432
BA3431	7.06807720975175	6.61592394796106
BA3181	7.3445927403943	6.43493754543007
BA3341	7.9003747386446	6.88034277223335
BA3191	7.47212920454885	6.67612658139253
BA3197	8.78412431760784	6.8194770973329
BA3448	8.37180321609369	7.05570452227078
BA3453	8.23473317956582	6.6952290990594
BA3406	7.99246857024867	7.07405167828484
BA3308	8.69824500910271	6.98688341334907
BA3186	8.55765692487222	6.82908216215166
BA3334	8.08518191159815	6.21584775215817
BA3447	8.22036612888066	5.78152676577258
BA3116	8.28956252610494	6.60051001058414
BA3280	7.69790613813162	6.53989151011847
BA3185	8.60337970015667	6.04192947928388
BA3094	7.97720455656684	6.98958107037054
BA3318	8.21629115879124	6.97993778438247
BA3216	7.72417589543797	6.32959875231621
BA3332	8.97829037472744	6.95550948162844
BA3214	8.59445024196475	6.85335943019892
BA3099	8.24926512843891	7.12505562496802
BA3141	8.30691336971867	6.65295694076347
BA3373	8.59260663428802	7.77581260088951
BA3319	7.78401208165605	6.44374763893835
BA3328	7.99915514777274	6.58991080721251
BA3339	7.35673455123978	6.31765450633365
BA3240	9.43158515365849	6.89839628157059
BA3142	7.7605970351598	7.74397164014646
BA3333	8.61968837224666	6.62245620960063
BA3381	8.58992566833602	6.80116720365205
BA3290	7.82549928808227	6.63330728837913
BA3207	6.40170617544637	6.20186257831003
BA3296	7.7045927999637	6.16229657509821
BA3305	8.25554427681065	6.732801148639
BA3434	8.25554427681065	6.57095981156775
BA3189	8.30909856685695	7.13671405241938
BA3264	8.7361512573159	6.92499248066896
BA3329	9.25691151442812	7.18891809205662
BA3417	8.12986534537924	6.89058644352535
BA3367	7.43931413643912	6.21316864027758
BA3225	7.00991256129177	6.13032258367322
BA3183	8.19411260375688	6.93090952480088
BA3222	8.79635277497105	7.43138197639579
BA3139	10.1620355969132	7.60395254604328
BA3397	9.07395764638915	7.54512561180818
BA3311	6.91793209354363	6.53396722315737
BA3422	8.37409825216549	6.30098784091473
BA3228	8.40429460371975	6.57407550686427
BA3213	8.42083657982967	6.96091622827791
BA3270	7.35764711965898	6.46528423305325
BA3415	9.74736666094391	7.68652733200955
BA3324	8.53215993801742	7.37396310701658
BA3194	8.85577669200061	6.98063449004179
BA3335	7.63878607715114	6.50956258535332
BA3199	9.50125973784097	6.60792383481337
BA3326	7.66495366812555	6.94358580230343
BA3285	9.89455064759087	7.6112304020112
BA3297	8.18217944661747	6.83464418679852
BA3227	8.58457840504288	6.79520689964912
BA3394	7.31937809888862	6.80845562026412
BA3412	8.90103696609653	6.9924430115513
BA3293	8.31751248525734	6.78255354390321
BA3250	8.3926007250059	6.86209164981008
BA3177	8.9076089453561	7.05362684769664
BA3315	7.91895915389096	7.40900238551148
BA3182	8.45453034732936	6.67112647924208
BA3260	7.54625616208849	6.48756519390035
BA3369	8.32893113987774	6.83661488155882
BA3078	8.65749029731641	7.01060112681321
BA3386	8.57129520837751	6.68355614720783
BA3445	8.04765964150367	6.46040057966304
BA3452	8.40429460371975	6.52072194410879
BA3176	8.16644533071452	6.85962983110872
BA3258	7.69023500088856	6.37732984108365
BA3295	8.38100696139026	6.75483486169623
BA3283	8.01965582601105	6.38023120196824
BA3390	7.18154554634955	6.2171644897831
BA3275	8.68106286594684	6.96156655492073
BA3136	7.50539293842063	6.70476093745623
BA3190	8.03197078783115	6.24185782368877
BA3234	7.45963779857083	6.17903573796561
BA3087	8.67155422607777	7.23894729675129
BA3454	8.23886821722062	6.87337102503918
BA3302	9.01306871894599	7.47952389617521
BA3117	9.1314039045803	6.96703229824418
BA3083	7.77846043065093	6.66342584742563
BA3266	8.04934885751887	6.837182643361
BA3175	7.73200199894925	6.76476869070353
BA3268	8.48407580140491	6.92625028034322
BA3229	8.03197078783115	6.81329812446179
BA3353	8.68106286594684	7.29077391107671
BA3312	9.36044459889599	6.76777472760262
BA3119	8.78717245605116	6.72062167573975
BA3138	7.65513327960109	6.30235584618443
BA3219	6.87788091401863	6.01745471553114
BA3388	7.6160759273921	6.64358377452482
BA3357	8.72037345844597	6.54766219361137
BA3351	8.41846114844672	7.06807720975175
BA3208	7.31039812260742	7.05647487229206
BA3310	9.04860912314158	6.8005248227196
BA3200	8.33560901482561	6.65737778697747
BA3325	7.62683244469809	7.07626127790368
BA3146	8.05801802157941	6.99030175438279
BA3211	9.04501990946176	6.85271739062875
BA3237	8.28311530497155	7.45053981568106
BA3130	7.29515347515493	6.18074633883084
BA3376	8.15090969693391	6.70026474055664
BA3137	8.43037965011906	6.81145766315316
BA3300	9.14833321497193	7.84883391972247
BA3375	8.63341745058943	6.8446685918264
BA3249	8.83544161006383	7.31579076602089
BA3385	7.76466876898383	6.85580435382138
BA3242	7.93658206656699	7.01759724929549
BA3446	7.38062061343463	6.25179190765508
BA3416	9.12586826213153	6.79989991305165
BA3123	8.07424285809521	6.83151108322253
