	NPM1	ANKRD26
BA2000	528.2932619271585	0.095731647324464
BA2003	717.8183224076506	0.0829696955184203
BA2004	320.01547932986267	0.0836499467406544
BA2006	9.679478408126416	0.0359375526019772
BA2011	348.4981285240867	0.0396755267623824
BA2019	583.7827086691859	0.0811743854146624
BA2020	1236.507877965909	0.2720451311688179
BA2022	916.0964949426144	0.1461071024469072
BA2023	431.7839587624408	0.0470448150826813
BA2024	372.1842389270018	0.0727465166525798
BA2025	722.395881374441	0.0820670987279246
BA2031	803.0149785649028	0.122539418115502
BA2032	795.6408037215438	0.0746726685301137
BA2033	257.718883807176	0.0328929511327189
BA2034	810.0015144990998	0.1482441107527969
BA2035	899.358854303508	0.02639324868337
BA2036	778.587533687972	0.1495243619025295
BA2037	1902.128477513421	0.2101211986644937
BA2041	845.8378095871379	0.0443731716795331
BA2044	585.7529247149646	0.1194899024393719
BA2046	1115.1507214086078	0.0217731909593821
BA2047	676.9878108900025	0.1058020403754027
BA2050	742.1408316925888	0.0848298304389081
BA2051	484.6791957324424	0.0544991211021729
BA2052	1122.4581187120564	0.0638985940183989
BA2053	856.5360596182228	0.044761279014099
BA2054	797.1291493537034	0.0698854980532695
BA2055	43.55371897587268	0.0308071293502349
BA2063	583.6395872324669	0.0726650952894186
BA2065	1202.664762511015	0.1540382890545618
BA2066	819.6683643642182	0.2140376903736629
BA2068	590.7969803002536	0.0720056593306243
BA2069	668.3880927899144	0.1364638018106308
BA2072	443.6027357455251	0.1025491070551802
BA2079	148.52736696454153	0.0327016501612876
BA2080	828.9284153651536	0.0667630637824152
BA2081	596.8647857517421	0.09929241644032
BA2082	1003.8557661222746	0.080322707815004
BA2087	645.4585078280003	0.031818419892097
BA2088	647.6525682652436	0.0258208199268744
BA2089	803.116732804619	0.1719840442183655
BA2093	717.9466283105468	0.0923072527476057
BA2094	773.6307073311818	0.0509097204245458
BA2095	742.4000933575526	0.098014030691826
BA2096	843.435358552685	0.0669083123292865
BA2097	1869.086592927769	0.2880136001266145
BA2098	446.6952569238338	0.0564728483391839
BA2100	459.57170926115145	0.0226884868038239
BA2101	480.9915091065376	0.1302789888024038
BA2104	158.38864555593398	0.0423369528778347
BA2106	1086.0029372840947	0.0792454882643863
BA2109	352.7594132324559	0.0188309940160286
BA2110	227.9689532482417	0.0433041035770986
BA2113	618.1909565783855	0.2430163086121711
BA2116	203.9687913848749	0.0077332233085054
BA2121	828.9494792055228	0.0782442943996513
BA2122	309.0625568800445	0.0059470250262112
BA2123	1943.4570022489283	0.1136848376952894
BA2124	1305.25779886148	0.1931288736569787
BA2125	406.9357044659607	0.1644720147009132
BA2132	578.9355872081394	0.0776629153923836
BA2133	284.94185090038224	0.0401765132814494
BA2134	393.43453986171255	0.1161802068672607
BA2135	1084.5087100504388	0.0434618225053949
BA2139	173.6594297885683	0.0560207744228119
BA2143	307.1844443903837	0.0274570539042846
BA2148	255.3043494272261	0.01561806175848
BA2153	1331.0218556577304	0.1179660544193318
BA2155	621.3355935278439	0.0332657098691588
BA2156	1073.0524097266143	0.1126451138767699
BA2162	777.1502831973705	0.0697051172596975
BA2163	222.89718635289796	0.1851652216114061
BA2168	600.1522459008418	0.0561529021150575
BA2169	515.3014576082433	0.0721593507112641
BA2171	1060.0132072311694	0.2647719919523222
BA2172	1285.5666526108653	0.0564958233501456
BA2174	695.0197814809409	0.1448877389936504
BA2175	259.9379581461479	0.0419824743589307
BA2184	2459.967100585478	0.3340889968151219
BA2195	669.5415256707589	0.0379417987388647
BA2198	1047.4834367515962	0.1578216658023505
BA2200	1259.7528710461302	0.2508689159035044
BA2201	527.5463422425489	0.0384407595301598
BA2209	569.168974056234	0.066476034830164
BA2211	922.0441599225848	0.1734506065289369
BA2212	1006.7795485871216	0.097484644256485
BA2217	794.3959000794692	0.1428463970276982
BA2218	979.1264761510888	0.0612374874535718
BA2220	1087.3233925515065	0.0530958744181109
BA2221	462.1590218189288	0.0763985781024772
BA2224	449.9752633840964	0.052421077516285
BA2226	1559.633324170032	0.145327449498674
BA2227	1482.5946346789062	0.2153971559574195
BA2228	1001.3862794833952	0.0744926057996398
BA2229	738.7999339107024	0.0901648970844593
BA2233	704.8765433216022	0.085443414238726
BA2234	489.7659139514642	0.076779741510857
BA2235	813.1721123707271	0.0676980102337728
BA2236	603.8020683247107	0.1672875384913672
BA2239	411.5910683166015	0.0541100919487998
BA2240	744.2802145077496	0.2971600684324352
BA2242	509.0772584429415	0.1737829735947334
BA2244	627.8026202933338	0.0908351550745052
BA2245	756.6573811014342	0.1094421615411064
BA2248	678.3991706131033	0.0549316650351279
BA2249	657.7914731101705	0.1321840502685588
BA2251	754.9645452137293	0.0896082682742295
BA2256	1282.3701699887013	0.1032901225218553
BA2260	601.2404678635722	0.0463782661188716
BA2261	260.06442243630283	0.0434264715218046
BA2269	156.11579028744114	0.0180079748948012
BA2271	613.650309930424	0.2087672879734358
BA2272	590.9301324570083	0.1413671445833375
BA2273	643.2132071771085	0.0863319894020132
BA2275	363.8970945171562	0.1076230139299438
BA2276	696.4642064905366	0.0511840021789508
BA2277	941.8999230390806	0.1966654651824613
BA2280	1003.6094654686798	0.2305049838676431
BA2281	862.6606165307038	0.1491133273216093
BA2282	323.8101324218687	0.1168926656594126
BA2286	1327.2542607189002	0.1320440426680593
BA2288	454.9879360677273	0.0581374616037388
BA2292	1297.5291890343124	0.0914971072261928
BA2294	847.8341622688226	0.1366520501208923
BA2296	1323.2688825637783	0.1735343303840212
BA2300	937.6118692053608	0.2033799192721407
BA2301	487.466436665099	0.0480383823617595
BA2302	944.8934392870464	0.0471977680597172
BA2304	211.44701354763023	0.0432212340138654
BA2306	901.786427961314	0.0628654961027435
BA2308	863.2564754537051	0.1122484721072064
BA2309	699.7744213550873	0.1232330584275558
BA2311	410.0625952361645	0.0717670685733527
BA2312	594.399621006936	0.0954569270960155
BA2316	412.6156787816864	0.0532673014588623
BA2322	858.080363788471	0.1551498420090979
BA2325	219.69341172145727	0.0265435731145648
BA2329	511.997061796872	0.0549247842163688
BA2334	464.35318109278455	0.0791399195914612
BA2339	243.40496241424609	0.0217121232333996
BA2344	1338.8400557636896	0.1279410698874738
BA2347	363.8338714002281	0.0367310531984469
BA2348	163.47130967633814	0.003519204307079
BA2350	204.6322921444288	0.0089491454429231
BA2354	1407.5827175811046	0.0560238492025801
BA2355	860.7745633511192	0.046755101166505
BA2357	793.4590747498338	0.0505623691211864
BA2360	1029.0874538131768	0.1006868797274653
BA2361	512.3302610000163	0.0255708785530078
BA2363	344.37315787908767	0.0311602546979382
BA2369	935.9463449455876	0.040035765422189
BA2374	769.8035383317925	0.1636480272801026
BA2375	708.949695691897	0.1429621585061136
BA2376	217.837552447061	0.0746402682837129
BA2377	1620.696566978597	0.0932091390904482
BA2379	326.9421995923817	0.0219099196855649
BA2385	628.0703635992583	0.0128564141591821
BA2386	1105.0537048660103	0.128550755823059
BA2387	735.7457824756591	0.104734250660231
BA2394	656.9536912697255	0.1139824998499998
BA2399	863.6350532498634	0.1494375343017371
BA2400	2251.1756771923	0.2770835670662958
BA2402	1132.8083556874635	0.1591310590901412
BA2405	819.4816206555411	0.0656792984262622
BA2406	455.82191344869887	0.0609708062186819
BA2409	384.3329069019392	0.1053051788921999
BA2410	1750.142878574093	0.1295151221279692
BA2412	147.10920649053665	0.0464002990315951
BA2413	924.3690286900533	0.098004847354525
BA2414	1174.7778707298746	0.3249297985562776
BA2415	352.56962425058254	0.0741398373397872
BA2417	667.7037800050819	0.0353988650862985
BA2418	445.7194689069452	0.0691512968661197
BA2420	675.3308830557313	0.0796931304077031
BA2421	651.5041767354861	0.0519168827317935
BA2423	454.13566416365273	0.0781442284187416
BA2425	500.2002133778794	0.068659384530959
BA2426	661.9735664974564	0.0815271047500389
BA2427	539.9111996626607	0.0602014671794231
BA2429	600.1961675721845	0.1307677859686435
BA2440	864.1078835422782	0.1045993588245728
BA2441	425.5303468620424	0.1900776786429468
BA2442	878.4137108343198	0.1367121791541706
BA2446	509.50240199592383	0.0701879314292642
BA2449	1679.51772423058	0.0799560791405512
BA2450	609.4299564675608	0.1104196066150529
BA2452	1162.0438778550847	0.1188490958031465
BA2454	745.3580045356989	0.129080299076433
BA2455	390.7647405569341	0.0385047030042548
BA2456	397.9003733707434	0.0200782865512092
BA2459	1215.4964029582056	0.0343375206727972
BA2461	436.4138683457943	0.0950534213944904
BA2463	359.6115960903247	0.0364481333889509
BA2464	1015.2788934029636	0.0667384091774848
BA2469	387.8750166642339	0.0755456835743926
BA2470	457.57169279964535	0.0756810640912953
BA2472	447.3715749201252	0.0207277395908475
BA2473	894.9562600620617	0.0719542977678327
BA2474	575.5878617828162	0.0742293594375833
BA2477	1491.0319350730088	0.1519625117508503
BA2479	399.7088210155857	0.101125663840405
BA2480	478.9776202122426	0.0738019674720819
BA2481	351.52108940030377	0.0217145405689416
BA2482	805.4864506668396	0.1350795341610308
BA2483	685.8239964103647	0.1397199153277361
BA2485	622.211135514145	0.1378398933023148
BA2488	454.2514129053882	0.0672519789076938
BA2489	831.7894227390433	0.0287353841402554
BA2492	304.75228457592027	0.0248771136303785
BA2494	744.4210554014824	0.010461955818379
BA2496	350.10427595863274	0.0137243111493975
BA2497	459.164025176103	0.0431722102383695
BA2499	1215.8143966493133	0.0587280132382606
BA2500	514.1612743016699	0.088749107452825
BA2501	829.0114015472194	0.1239738077699115
BA2502	475.9212578590853	0.059557106723349
BA2505	917.3075047384268	0.0636415457980716
BA2507	549.1035245192646	0.12900452648963
BA2510	819.3453807176026	0.0216839556619956
BA2511	310.38045202376514	0.0406258492309232
BA2512	297.4810904058342	0.0952133355070604
BA2514	722.3955446623094	0.0803556589630221
BA2515	611.7897475091498	0.0359837221287077
BA2520	563.2975840780205	0.0784264421961398
BA2521	805.7008130956823	0.1693775922902065
BA2523	875.4790358260757	0.2313327878952609
BA2524	931.078368926948	0.063171318115365
BA2525	451.6653062218546	0.0834790476962339
BA2526	990.3383096222774	0.0444725170099215
BA2528	1094.8701903696135	0.2023643794430974
BA2532	503.22428308113984	0.0382115334484186
BA2534	848.5101283619045	0.2042733801285442
BA2538	628.4832761910941	0.1014170659427491
BA2539	539.9096717916279	0.0811043061244663
BA2540	589.9655471977597	0.0331806329385775
BA2541	727.72020609319	0.1019729351325194
BA2545	647.2364441660316	0.1463705067291181
BA2546	415.4442953177963	0.1109227368857518
BA2552	1511.0459870686627	0.1762190111638828
BA2559	917.200021186418	0.0838502968540673
BA2561	738.135338339361	0.0449153301617927
BA2563	884.8698027592621	0.1990026337357149
BA2564	628.5977134454555	0.090107676620842
BA2567	277.10499196656883	0.0777843114899785
BA2570	1042.4509403817774	0.0877376565394098
BA2575	261.6719320104662	0.0582231689704235
BA2577	1032.876321645394	0.196304701278205
BA2579	449.4176386199365	0.1234739554449296
BA2583	1188.087690821021	0.0942085327767785
BA2584	416.4702869762186	0.1187974183565976
BA2587	699.6269820572288	0.2344151425392358
BA2588	1026.9398317358373	0.087040641090312
BA2589	618.6410391832499	0.0133655371917645
BA2592	1865.1866485698224	0.1833257986723231
BA2593	30.008362985668484	0.0150460215470757
BA2594	471.0287942014413	0.1136076198389873
BA2595	727.4920774690906	0.0411758697768933
BA2597	290.60834830816805	0.0295704824410598
BA2600	1025.2452093908971	0.0663375819290422
BA2603	996.626896776356	0.0822063316564084
BA2618	1058.6337250847405	0.1842326720457313
BA2619	338.3126510809452	0.0461890832830994
BA2620	1012.9845355638809	0.1312437638819949
BA2621	567.4479645307254	0.0620098021830141
BA2622	923.4883389502478	0.1637770639066438
BA2623	1683.427266295269	0.3181734844944141
BA2629	580.2238365580586	0.1613761922943145
BA2631	1103.702527606135	0.129616361671543
BA2634	299.626886802143	0.0523416203839581
BA2636	794.771285538202	0.0242065007602284
BA2639	843.6370720413889	0.1418217818592967
BA2644	468.4459418954788	0.1189973354889309
BA2645	503.7044701503431	0.0198111104417501
BA2646	959.2048435967716	0.2011053650132279
BA2649	1079.3861986706456	0.0865531046850682
BA2651	610.7334201495321	0.0089174029213471
BA2653	479.0693402693308	0.0171862082962855
BA2655	3003.6905966687755	0.196344225470409
BA2656	514.2763095411862	0.0279373674675858
BA2657	669.203610686734	0.0612885299823111
BA2658	820.7877083772577	0.1011237769350444
BA2659	663.9202028035917	0.0607844578325144
BA2660	632.6777537477633	0.0777833115905941
BA2662	563.0684322375214	0.0893704394643279
BA2663	383.4983388421264	0.0554013062757426
BA2667	698.1010292441762	0.0937483551301308
BA2670	555.3930685787963	0.0251451662812089
BA2674	786.7028774874713	0.0559964765819862
BA2675	887.205862809971	0.119843905813962
BA2676	594.0487446493348	0.1404605055134352
BA2677	721.5664782648653	0.1134993727876606
BA2681	851.2115127826703	0.0612498142952443
BA2682	1025.0039654389466	0.1418443074555738
BA2685	1395.1228150743066	0.1673144834048794
BA2688	542.31391518405	0.0327565178843953
BA2691	699.0809335701197	0.1747150534678381
BA2694	604.2582632975992	0.0162849820090413
BA2695	228.02306189418147	0.0307011320305251
BA2697	162.71351757245495	0.0464786238912035
BA2701	403.2378313195695	0.0424323885486292
BA2704	770.3680937846327	0.1792736071008369
BA2705	821.8583313871455	0.0521359681573875
BA2707	1182.3407322531991	0.0824398385454266
BA2709	641.9214397735934	0.0323868735167536
BA2712	274.531070857458	0.0696220706937469
BA2714	1088.2035228974412	0.1526101609238658
BA2715	186.4053981792331	0.0105559848155265
BA2718	750.0273149040149	0.103616947177756
BA2720	333.3011297891089	0.0057517648317859
BA2721	902.9906278348118	0.1326703322696968
BA2722	345.73765495169664	0.0607004389529691
BA2723	562.7173060921087	0.0317319100810956
BA2724	491.17039401655336	0.0263529019099827
BA2726	143.18557004384326	0.071493569347419
BA2727	1172.2530557853138	0.107543219206656
BA2728	464.20429209577406	0.075765897371543
BA2731	364.9530811398174	0.0355051578338312
BA2733	513.9352604053477	0.0327326485038648
BA2735	799.3425756175093	0.0635548523609703
BA2737	263.86370775826185	0.0424417728807018
BA2742	574.2548448726058	0.1313105467235439
BA2744	386.50566353654784	0.0200296070132856
BA2746	423.074653154176	0.0625473131272191
BA2747	771.2897838190694	0.0521911589228564
BA2748	1668.7576324488991	0.18888162853791
BA2751	716.8933163852803	0.1384827457414379
BA2756	1069.0665183779606	0.0534407346767188
BA2758	371.7774084615926	0.1024752744750733
BA2760	688.0308768873967	0.0928884764474027
BA2762	747.3631063321386	0.0563559129718928
BA2764	506.734693475405	0.0960490553117994
BA2765	345.8721956783816	0.0765203224900109
BA2769	937.0731507376591	0.054191543401837
BA2772	918.2200368910728	0.0235350004420649
BA2775	894.5923074490343	0.1469726016829702
BA2776	787.9974145434297	0.2070017413801222
BA2778	251.36472120858272	0.0369179881046646
BA2782	410.5745676029993	0.1210369855386999
BA2786	1015.5002481065212	0.0923753772580629
BA2787	108.04856925455596	0.0210617512494751
BA2789	1616.955979143353	0.1740984222993783
BA2791	811.1306944917475	0.062778710050981
BA2792	604.0455384453203	0.037315008338574
BA2798	1645.4384054504071	0.0947166434683381
BA2801	551.8569786243695	0.0312833876693852
BA2802	233.2144021635122	0.0518389467685982
BA2804	664.8175138530737	0.0213616596643447
BA2806	839.1263056488103	0.0674791724831266
BA2808	469.0915221892452	0.0879006628968596
BA2809	929.151270211972	0.1037853513990289
BA2811	662.5363020267387	0.0924179034656874
BA2812	748.1997015520849	0.0900840821053302
BA2813	956.1876397957584	0.080599392772911
BA2814	292.92542751260964	0.0936397925612676
BA2816	751.735240132557	0.0838425340790739
BA2817	351.466447693497	0.0381250380554298
BA2820	864.9211133492273	0.1169986503170474
BA2821	2368.0972957935314	0.1919127031317831
BA2822	215.09595990312312	0.1181690144971088
BA2824	575.4304511182471	0.0754447081823145
BA2828	478.5242470631485	0.0539155749511906
BA2829	782.8986428799258	0.2415186873754511
BA2830	1139.5572352373538	0.1480382392591129
BA2832	406.77833419830574	0.0951491131993148
BA2836	606.31108243187	0.099972876790751
BA2837	1414.4278362174755	0.1224218526537008
BA2839	1031.7349631035208	0.0588322740539569
BA2840	733.1034845088849	0.0147855818305987
BA2841	1035.6599321537274	0.0618200984878985
BA2842	228.17158173718903	0.0127793032014536
BA2843	615.0665209458472	0.0581807136706404
BA2844	1035.935132632706	0.1219964275152345
BA2846	985.9857015872244	0.0576113785708777
BA2850	692.2431064672905	0.0495820304011984
BA2851	919.37662155295	0.2075683348200149
BA2852	502.1760089038096	0.06026793159437
BA2855	365.6997907848002	0.0242814297510733
BA2856	277.16175692113075	0.020246754257474
BA2858	739.1818848559551	0.043030868823899
BA2860	555.6940166885612	0.036741953939269
BA2861	719.6234072019765	0.1018255102199432
BA2865	935.5207895305904	0.0589274755322581
BA2866	1144.4032637571156	0.1098600129293041
BA2867	599.1445737307881	0.0493847275400429
BA2868	1261.2430804640578	0.1485854399372317
BA2870	1653.638735134638	0.1839146149969036
BA2871	757.0156570816912	0.0972259812354074
BA2872	632.0389651010667	0.1298060551418431
BA2876	487.2383254891148	0.0228840170303973
BA2879	328.0760054709504	0.0103163922911299
BA2880	579.6172882033982	0.0384835232838636
BA2882	348.2327707363618	0.0916508963060952
BA2883	979.3831896938536	0.0518730113582381
BA2885	583.6435163560876	0.1268046120319884
BA2887	831.9369645091011	0.14236390557965
BA2889	11.096241640852648	4.298256513879684e-05
BA2893	978.1620407888548	0.1003978151080481
BA2901	502.0742446304135	0.0069111758333181
BA2902	676.7777450169481	0.0828646932302179
BA2903	91.926374111376	0.0221691327241882
BA2904	902.9180070495252	0.1544814550241608
BA2905	900.5493842477714	0.0231786844585923
BA2906	538.9536053887781	0.2215877099607164
BA2908	1625.8994007903684	0.116407991105031
BA2909	293.2362985614428	0.0428369889049156
BA2910	883.0583790957795	0.0729420851391843
BA2911	1305.4111269455125	0.186358620510326
BA2914	484.6472481713943	0.096543097437762
BA2915	193.40122712012848	0.0239475178669068
BA2921	516.5545776177578	0.0274706810988416
BA2922	1083.0371638041483	0.1964590739555861
BA2923	190.9176332192651	0.0475516586134558
BA2926	1143.5630600777397	0.1421276633962953
BA2928	624.6365392400136	0.1166260845212037
BA2930	489.7437718419047	0.0780450688530144
BA2932	1050.7566343923838	0.1855968615078159
BA2934	267.241312590214	0.0461619460575538
BA2935	464.9088278542738	0.0941546601400972
BA2937	437.48340007136017	0.0748529312078155
BA2939	838.9056317812485	0.089298454264707
BA2944	2698.337102950637	0.1972916554292326
BA2947	808.8363659265746	0.0747468646716348
BA2948	448.3459530725442	0.0390945053018541
BA2950	1527.9173758034783	0.1562115405201807
BA2951	1225.5905918789902	0.1252683164363751
BA2952	868.2035326148657	0.1792843230933414
BA2953	773.6017261281132	0.0307733748668143
BA2955	255.83240869946	0.0263330832241014
BA2956	182.43355660433457	0.0433415614474695
BA2962	1448.9492234980564	0.1009696613313942
BA2970	945.5326477562074	0.0680505714929685
BA2972	1025.0073895619455	0.1371681120441599
BA2976	682.0966436313704	0.1172286245066721
BA2978	463.7697548343848	0.0616967382297658
BA2981	620.2075130962227	0.0280458234491726
BA2984	519.9562388513167	0.102620681263346
BA2986	831.3159558755951	0.2052467806414988
BA2989	918.7735847970288	0.0988443126673443
BA2992	1040.0243023186663	0.0791317095436318
BA2993	490.2168793417561	0.0456003474047976
BA2994	783.4573074760644	0.0563517566868785
BA2995	448.89376179200656	0.0404090358324853
BA2999	551.318378149716	0.0776336128075411
BA3001	1127.8882983776364	0.1764443181312913
BA3002	658.5376207582564	0.1236478705497091
BA3004	607.1595518577985	0.1479576842061447
BA3006	685.9478445103986	0.1164129017015044
BA3008	11.502818985603614	0.0015137407225137
BA3009	967.4619845386184	0.1483469908307169
BA3010	786.927717035091	0.0510149231167553
BA3011	1173.5226977948612	0.0495532195218655
BA3013	1321.290876995518	0.0998961095646001
BA3023	1015.7452736286136	0.0401860062477846
BA3025	796.68252407056	0.0903605027957989
BA3027	339.48845342934527	0.0804972182513591
BA3029	409.49845003703166	0.0620455432716604
BA3030	1040.9582844218469	0.1715598136524597
BA3037	796.8167148834721	0.0699371811454693
BA3038	712.6495139882256	0.1522700720002687
BA3040	659.1284817517854	0.135668386968117
BA3042	930.6569966806684	0.0891873907409524
BA3043	279.3242529341486	0.031577833224665
BA3049	207.05831119544595	0.0260221719437725
BA3051	339.05996434691883	0.0375328787164713
BA3053	1159.914784973267	0.0120101751642122
BA3064	811.7129054909528	0.1313189526205971
BA3067	416.1485327851571	0.0488548593462417
BA3068	473.2820363883077	0.0167165335285298
BA3070	339.2050705493115	0.0778914409239408
BA3071	651.3380244516886	0.227976410805631
BA3072	802.8031381469049	0.1621422887166036
BA3075	495.5792932364566	0.0670620795140251
BA3076	81.10637218410939	0.0007891583672065
BA3077	291.70705449866745	0.1239914544122566
BA2040	349.01179584488875	0.0294247764111691
BA2160	743.0925136584549	0.1732016862739373
BA2303	465.3506401336382	0.1094423238970856
BA2353	1483.0301806981408	0.3008724241973763
BA2516	1350.9859271639175	0.196016556457632
BA2590	1522.0878930840054	0.2209744070593811
BA2647	869.0202300015676	0.1195788161979814
BA2891	336.46402777102026	0.0731645061725393
BA2924	974.9096307108452	0.1442671346460503
BA2971	504.3848558415371	0.0417187323195206
BA3036	1024.0701671559168	0.0837591667272423
BA3059	509.7243617530828	0.0122422631405239
BA3073	1092.6461944187656	0.0963737420645437
BA3078	1752.2812406677583	0.2709232775112928
BA3079	431.2270461408715	0.0737951019058378
BA3083	724.4524761132466	0.1166555785440409
BA3084	552.0035124907421	0.1137771196826344
BA3085	820.8800895732983	0.0988390100838871
BA3087	552.9716823524008	0.3667634367161493
BA3089	1439.473474832006	0.1974021055350638
BA3094	665.2058175556962	0.0719806493667195
BA3095	574.7167668683135	0.172605870554088
BA3098	808.7351486941619	0.1599299930091444
BA3099	1438.6175286116652	0.1588044690836774
BA3103	879.3752567562454	0.0732660809961735
BA3108	1114.4842264173385	0.1868446244079698
BA3109	463.60528194856647	0.0240168978015921
BA3110	812.5846052698445	0.1013103687567209
BA3114	701.3618263081356	0.0435056277365198
BA3116	596.0115959551728	0.0415787886855296
BA3117	2013.0868083599587	0.249760967352401
BA3118	762.0598576309488	0.0738841274539271
BA3119	1297.1689066208232	0.2590109159947394
BA3123	1253.3905845807856	0.1308776177389964
BA3124	476.7455394130081	0.1402864193187947
BA3126	423.3258870021679	0.0910550317634681
BA3128	1184.566686506971	0.0969489331229033
BA3130	233.00493093195377	0.1174347605090998
BA3133	548.0215910572665	0.179135239963297
BA3135	1036.4799729020365	0.0999029472532854
BA3136	540.2219088535331	0.186215755432781
BA3137	658.66789022419	0.2078364211160145
BA3138	964.934672472794	0.1322535530557612
BA3139	854.6870240840752	0.4306117930057548
BA3141	1771.353530898436	0.2273120782528223
BA3142	823.5670939630331	0.1827921101946747
BA3145	527.3541563951194	0.0469224240607921
BA3146	724.235544067641	0.0674524534072955
BA3149	297.9528024511156	0.0093308601283023
BA3152	363.3788364769674	0.0648474077106836
BA3153	810.1571869475665	0.0476695696916912
BA3154	369.5337442438789	0.0878808618228161
BA3156	1108.0450205647187	0.208663865637236
BA3157	2477.163519518644	0.159711245473273
BA3158	656.5434153110926	0.1666063352069648
BA3162	712.9927125750769	0.0758677768061341
BA3163	195.17160065846025	0.0962151178042414
BA3164	1006.7027276039724	0.1811772882183542
BA3167	839.6627692307691	0.0518547537914969
BA3169	407.5842455818831	0.0581025690835027
BA3171	428.433612084205	0.1725934987479806
BA3173	1272.5773057461197	0.0994092680373188
BA3174	430.156349005552	0.0799052280320628
BA3175	459.5290877514503	0.0784667538793301
BA3176	1129.7328969763803	0.15271160491076
BA3177	1587.6337128940356	0.2067254102937631
BA3178	593.7176450937144	0.0726631912830287
BA3180	1005.2974130297282	0.1003632884110899
BA3181	531.1001912075557	0.0844040890432351
BA3182	859.4595282116155	0.1821612695155502
BA3183	1450.5036346356574	0.1996715552430265
BA3185	762.8095147721068	0.108387277929668
BA3186	750.6033154338107	0.0377362173743237
BA3187	685.79900724955	0.1038180445849434
BA3189	1463.1101118193071	0.2110863894466824
BA3190	1966.934271120193	0.1955205947649054
BA3191	526.8250531687722	0.0990624192384157
BA3192	1365.1212215978203	0.1316984592736867
BA3194	1392.2868741519217	0.2722968079470907
BA3195	1043.4049337025683	0.1030371869904062
BA3197	547.1094108862185	0.1735934681411436
BA3199	2511.9588647777828	0.323758144742051
BA3200	784.4308424290588	0.156871504672367
BA3202	940.5521645123448	0.1241658300817318
BA3203	210.9951207123048	0.0328159459240903
BA3206	767.2675833968548	0.0826866127697796
BA3207	609.5461392578536	0.1494416612202465
BA3208	724.5936845121286	0.1553657587590968
BA3210	578.2796027479092	0.0158648891921463
BA3211	866.1912154024554	0.1056344944292173
BA3212	418.0380708088032	0.0601623954644293
BA3213	1180.523693648399	0.3051562427649487
BA3214	1506.22650339772	0.1633513330512442
BA3216	768.3636119706774	0.0953097071048951
BA3217	1052.5268080301876	0.2084328234081645
BA3219	405.0458000859567	0.1218000907817263
BA3221	322.6561060239921	0.1095331435082641
BA3222	1297.8599968996143	0.2679646017084232
BA3225	244.08352575725635	0.1388475542702838
BA3226	1197.3099928369477	0.0995692040909203
BA3227	883.0480512982696	0.2399483404260987
BA3228	1697.5546582007491	0.173903497019305
BA3229	1455.519949236932	0.2109525960877566
BA3230	849.2743784848928	0.1188942040966785
BA3232	987.2649466366088	0.1113835972102214
BA3234	353.1609618763414	0.1568715005775097
BA3235	255.76999018796928	0.0758531585143622
BA3237	907.363305324446	0.0943886948011534
BA3240	1127.7512233088437	0.4236223863313026
BA3242	806.7854193169961	0.123501030263645
BA3243	980.8468532249954	0.1840887720369603
BA3245	188.53847669710288	0.0403688335391993
BA3249	731.5733312384782	0.0357023964125395
BA3250	921.1257791725455	0.2458202049322738
BA3251	644.4370405726117	0.1098046366559915
BA3255	727.1856605956416	0.1591779835746813
BA3258	435.4845579666661	0.1450223893735275
BA3260	597.0581526568168	0.0467900594918251
BA3261	849.8163244295235	0.1022474623553216
BA3264	1007.2563954978184	0.2043545949114047
BA3266	1097.5275507982071	0.3185773255494984
BA3268	1563.115475951064	0.2723868302277498
BA3269	341.03154410548336	0.0516338443415157
BA3270	1212.1378999226934	0.1443905575112668
BA3271	1091.401344978024	0.1874025031065722
BA3273	347.22410491574624	0.0353315656837902
BA3275	1010.2440870702844	0.163546191195453
BA3277	876.774825708061	0.0643558354002278
BA3280	673.4310204187548	0.086787121251085
BA3283	744.2270885569558	0.1551199239210318
BA3285	965.9732478767633	0.3561114318715486
BA3286	729.8611190039842	0.2615020960513348
BA3289	237.80493783010863	0.0166844169122524
BA3290	1028.6537067311071	0.0958489365506346
BA3293	1410.6575633186828	0.1826554701345067
BA3295	931.4742750450056	0.2174820772175096
BA3296	427.2224889851171	0.0721742751182517
BA3297	892.6426763057029	0.1749312350537441
BA3299	588.9359797974884	0.0712958118060759
BA3300	892.2016144980187	0.1563663398710253
BA3302	2404.70236921347	0.3697604637090291
BA3305	825.9343252350294	0.1134054744463258
BA3306	1342.1610074766056	0.0912675665651452
BA3308	880.1282427815349	0.0755488660633306
BA3310	813.7038750493303	0.1767330979309339
BA3311	512.6421293458105	0.0869201644415238
BA3312	1224.9597742827486	0.2128703431268289
BA3315	838.4970079253096	0.3137911578058976
BA3317	2032.3938769360516	0.1774809405340009
BA3318	955.1253143309708	0.1776324538451106
BA3319	612.65364137163	0.1509537340070237
BA3322	563.6207557696362	0.1557648860948867
BA3324	1381.989756996816	0.1882079371248953
BA3325	598.5692094909097	0.1478796326202091
BA3326	639.2512433978278	0.1543337337590067
BA3328	720.8834453148229	0.2093207618468053
BA3329	2369.4967076447338	0.1678003785841406
BA3332	2478.666371359682	0.1991075411240248
BA3333	1597.9960076658178	0.1755398446614303
BA3334	703.4833047568076	0.0378820248353297
BA3335	649.309428929002	0.1660107331093414
BA3339	626.678045270493	0.25566762427951
BA3341	421.7995890299875	0.0457559604282564
BA3345	298.4684129107943	0.0800644491193132
BA3347	367.6588013590879	0.0459730194623045
BA3351	1141.2728330008597	0.0791110288090746
BA3352	1009.48292692605	0.1704508233038805
BA3353	1102.8245627294202	0.3350738971605566
BA3357	1504.124385620915	0.2036469307716011
BA3362	500.0933792849923	0.0453909093987934
BA3367	537.7630320256033	0.0431394868472527
BA3369	1465.514607626894	0.2834342923606955
BA3371	1014.8823431778004	0.0699093393378503
BA3373	1409.1702353481785	0.4541343669129002
BA3374	414.51261856879495	0.085460688034833
BA3375	542.9281467101315	0.1814461047842465
BA3376	832.1562503986981	0.213281763530911
BA3379	1381.0621631608255	0.21190197127955
BA3380	994.131580493791	0.1150628306795995
BA3381	1165.540186450207	0.2316311171098442
BA3384	614.6547345886245	0.0917427992625424
BA3385	696.60522178433	0.1139937681376816
BA3386	1311.4488388556415	0.3179497135480497
BA3388	571.5370032166161	0.087975231979313
BA3390	441.3767632192111	0.0569563464490148
BA3394	1971.1116355006295	0.1883124566660765
BA3395	648.7028949491017	0.0199673545821065
BA3397	343.99908085329525	0.1683453653790374
BA3399	303.15185061656314	0.0155449346909638
BA3400	626.43397754856	0.0271737381586666
BA3403	1201.5489590327447	0.2187381357086483
BA3405	396.6592348508193	0.0972531907236421
BA3406	639.8543728355419	0.2235708332191736
BA3407	657.9142688009858	0.0447343272496223
BA3408	537.8256037723609	0.0639561294571632
BA3410	487.2527660195591	0.0358935734416683
BA3411	1109.4962852678982	0.2125169796871319
BA3412	804.5130972634437	0.1022980414908917
BA3413	1296.2348854452173	0.1237277888681188
BA3415	837.5896348464944	0.2564215134296698
BA3416	958.7217587267608	0.1933481923694042
BA3417	1049.5468800715762	0.1899973509345175
BA3418	902.6669824032176	0.0205148650610346
BA3421	243.30442046849072	0.0135030323871982
BA3422	1287.6257360644838	0.241298780518215
BA3423	1301.742594560405	0.1132302454040128
BA3427	444.87211037047854	0.1646472062587361
BA3430	237.22518926677367	0.0120671274758892
BA3431	356.34041291079427	0.0077290714729614
BA3433	757.5797036118004	0.0875080907277891
BA3434	1268.914612892414	0.1101710454035703
BA3435	1166.2782179622332	0.1385476024050364
BA3436	1226.9900517577862	0.1527471738943582
BA3438	1213.4320555798831	0.1996984960836413
BA3445	1300.746105321202	0.1216485536347899
BA3446	543.7477859950156	0.0828173685289445
BA3447	612.0209696340626	0.0642440685079519
BA3448	729.6131623391016	0.1605027263232905
BA3449	1193.0168362012575	0.098997676615262
BA3450	695.7256534001525	0.113201470387828
BA3451	396.52403117684895	0.089983253567368
BA3452	1152.029653159582	0.1131088928477923
BA3453	634.8876040480708	0.0526052506586992
BA3454	1521.3874292966152	0.3376352615574677
