sampleID,gene,ref,alt,localisation,in_cosmic,variant_classification,sum_count_kmer_alt,nb_kmers_alt,mean_count_kmer_alt,sum_count_kmer_ref,nb_kmers_ref,mean_count_kmer_ref,ratio
BA3174,PTPN11,A,T,chr12:112888156-112888156,1,missense_variant,5807,29,200.24137931034483,,,,
BA2020R-BM,PTPN11,G,C,chr12:112888163-112888163,1,missense_variant,310,29,10.689655172413794,,,,
BA2041R-BM,PTPN11,G,C,chr12:112888163-112888163,1,missense_variant,2158,29,74.41379310344827,,,,
BA2134R-PBMC,PTPN11,G,C,chr12:112888165-112888165,1,missense_variant,570,29,19.655172413793103,,,,
BA2463R-PBMC,PTPN11,G,T,chr12:112888165-112888165,1,missense_variant,677,29,23.344827586206897,,,,
BA2505R-PBMC,PTPN11,G,T,chr12:112888165-112888165,1,missense_variant,3366,29,116.06896551724138,,,,
BA2634R-PBMC,PTPN11,G,T,chr12:112888165-112888165,1,missense_variant,403,29,13.89655172413793,,,,
BA2701R-PBMC,PTPN11,G,T,chr12:112888165-112888165,1,missense_variant,527,29,18.17241379310345,,,,
BA2782R-BM,PTPN11,G,T,chr12:112888165-112888165,1,missense_variant,3062,29,105.58620689655173,,,,
BA3009R-BM,PTPN11,A,G,chr12:112888166-112888166,1,missense_variant,1260,29,43.44827586206897,,,,
BA3449,PTPN11,A,T,chr12:112888166-112888166,1,missense_variant,434,29,14.96551724137931,,,,
BA3210,PTPN11,G,A,chr12:112888189-112888189,1,missense_variant,5394,29,186.0,,,,
BA3373,PTPN11,G,A,chr12:112888189-112888189,1,missense_variant,876,29,30.20689655172414,,,,
BA2512R-PBMC,PTPN11,T,C,chr12:112888195-112888195,1,missense_variant,1417,29,48.86206896551724,,,,
BA2110R-BM,PTPN11,T,A,chr12:112888197-112888197,1,missense_variant,691,29,23.82758620689655,,,,
BA2726R-PBMC,PTPN11,T,A,chr12:112888197-112888197,1,missense_variant,434,29,14.96551724137931,,,,
BA3076R-PBMC,PTPN11,T,A,chr12:112888197-112888197,1,missense_variant,372,29,12.827586206896552,,,,
BA3077R-PBMC,PTPN11,T,A,chr12:112888197-112888197,1,missense_variant,5580,29,192.41379310344828,,,,
BA3114,PTPN11,T,A,chr12:112888197-112888197,1,missense_variant,1544,29,53.241379310344826,,,,
BA2989R-BM,PTPN11,G,A,chr12:112888198-112888198,1,missense_variant,372,29,12.827586206896552,,,,
BA3280,PTPN11,G,A,chr12:112888198-112888198,1,missense_variant,310,29,10.689655172413794,,,,
BA2376R-BM,PTPN11,C,T,chr12:112888199-112888199,1,missense_variant,589,29,20.310344827586206,,,,
BA2663R-BM,PTPN11,C,T,chr12:112888199-112888199,1,missense_variant,682,29,23.517241379310345,,,,
BA3221,PTPN11,C,T,chr12:112888199-112888199,1,missense_variant,434,29,14.96551724137931,,,,
BA3219,PTPN11,C,T,chr12:112888202-112888202,1,missense_variant,859,29,29.620689655172413,,,,
BA2033R-PBMC,PTPN11,G,A,chr12:112888210-112888210,1,missense_variant,910,29,31.379310344827587,,,,
BA2526R-PBMC,PTPN11,G,A,chr12:112888210-112888210,1,missense_variant,2779,29,95.82758620689656,,,,
BA2065R-BM,PTPN11,G,C,chr12:112888210-112888210,1,missense_variant,3627,29,125.06896551724138,,,,
BA2325R-PBMC,PTPN11,G,C,chr12:112888210-112888210,1,missense_variant,1333,29,45.96551724137931,,,,
BA2474R-BM,PTPN11,G,C,chr12:112888210-112888210,1,missense_variant,1093,29,37.689655172413794,,,,
BA2817R-PBMC,PTPN11,G,C,chr12:112888210-112888210,1,missense_variant,806,29,27.79310344827586,,,,
BA2308R-PBMC,PTPN11,A,T,chr12:112888211-112888211,1,missense_variant,992,29,34.206896551724135,,,,
BA2413R-BM,PTPN11,A,T,chr12:112888211-112888211,1,missense_variant,759,29,26.17241379310345,,,,
BA2510R-PBMC,PTPN11,A,T,chr12:112888211-112888211,1,missense_variant,1047,29,36.10344827586207,,,,
BA2592R-BM,PTPN11,A,T,chr12:112888211-112888211,1,missense_variant,434,29,14.96551724137931,,,,
BA2701R-PBMC,PTPN11,A,T,chr12:112888211-112888211,1,missense_variant,434,29,14.96551724137931,,,,
BA2986R-BM,PTPN11,G,C,chr12:112891083-112891083,1,missense_variant,2407,29,83.0,,,,
BA3324,PTPN11,T,C,chr12:112926884-112926884,1,missense_variant,6441,29,222.10344827586206,,,,
BA3412,PTPN11,T,C,chr12:112926884-112926884,1,missense_variant,6666,29,229.86206896551724,,,,
BA3453,PTPN11,T,G,chr12:112926884-112926884,1,missense_variant,2638,29,90.96551724137932,,,,
BA2387R-BM,PTPN11,C,T,chr12:112926885-112926885,1,missense_variant,2750,29,94.82758620689656,,,,
BA2870R-BM,PTPN11,C,T,chr12:112926885-112926885,1,missense_variant,3259,29,112.37931034482759,,,,
BA2235R-BM,PTPN11,G,C,chr12:112926888-112926888,1,missense_variant,2919,29,100.65517241379311,,,,
BA2634R-PBMC,PTPN11,G,T,chr12:112926888-112926888,1,missense_variant,401,29,13.827586206896552,,,,
BA2814R-PBMC,PTPN11,G,T,chr12:112926888-112926888,1,missense_variant,310,29,10.689655172413794,,,,
