	NPM1	MYD88
BA2392	9.6874475749889	6.68298551627202
BA2611	9.60929418124753	6.67446820413111
BA2506	9.61949185438657	6.6963494054774
BA2430	9.61949185438657	6.70531293865616
BA2448	9.61438474364243	6.63330728837913
BA2730	9.62461563502098	6.6963494054774
BA2845	9.57909169555586	6.69580577134555
BA2326	9.58408544068247	6.71443140013608
BA2341	9.58909503454725	6.68181953854303
BA2612	9.55927298456459	6.60051001058414
BA2973	9.56915130536806	6.71155130794723
BA2390	9.55927298456459	6.70476093745623
BA3218	9.56420444046175	6.69300731767576
BA3105	9.53000194332933	6.75483486169623
BA3402	9.53484314535953	6.72524597427468
BA3276	9.51556606369543	6.73745939965324
BA2409	7.88494695067266	8.79635277497105
BA3037	9.1755941413251	6.32126637219132
BA2496	8.3156761580726	8.37409825216549
BA2172	9.2592593958878	6.73222274372854
BA2865	9.53484314535953	6.80787905159787
BA2923	6.98208266015901	8.25764420926654
BA2751	9.13897207935234	7.50861653894833
BA2480	8.38563253120242	8.19211577067672
BA2286	9.51078302100883	7.145353174227
BA2922	9.78674968596522	6.80545390529169
BA2452	9.33027676031699	6.3764431266369
BA3379	9.31328611186612	7.64636707538027
BA2887	9.06304565250042	7.30861526987379
BA2712	7.82549928808227	7.85777881958234
BA2068	8.67821802831458	7.48933909555342
BA2236	8.75995195431454	7.65898516432112
BA2104	6.91599118004167	9.28397254525379
BA3124	8.84307877151568	7.1940059259717
BA3395	8.58457840504288	7.26761325734099
BA2921	9.00605305286098	5.4227029621497
BA2449	9.52036350053221	6.31855304086332
BA2003	9.04501990946176	6.33324319286844
BA2360	9.4000752436972	7.74666982029682
BA2802	7.15633759792086	6.13984081619634
BA2235	8.83362186336888	7.84423149870525
BA2858	8.91420804405317	7.63041516939983
BA3038	7.73462168625585	8.96117775713075
BA3006	9.15245565249128	6.73865750312275
BA2245	9.0307417478067	3.76503931936474
BA2667	9.13720994130471	8.43758065182973
BA2239	8.17428733914348	8.47663077360064
BA2782	7.59101188148724	8.84941498844258
BA2649	9.2429894144776	6.45455803457724
BA2488	7.91111348596979	7.55410957706454
BA2861	9.11460476788528	8.02508710399741
BA2909	7.83704881770087	8.50849537330422
BA2429	8.66493693752935	7.51084212363206
BA2653	8.41556616709075	7.34547705030654
BA2134	8.30037965468589	8.91090509269608
BA2947	9.91920628125652	7.00079089475897
BA2032	9.3735473533766	6.59418114772064
BA2162	8.85577669200061	8.25974759702626
BA2564	8.74800571415782	8.42083657982967
BA2597	8.13547459853116	5.72715040553996
BA3243	8.84307877151568	7.73861349646242
BA2106	9.54945587390153	6.54408446340443
BA2427	8.91090509269608	8.43998936441936
BA2841	9.13342062895717	6.9944372976249
BA2446	8.33784249776874	7.39444593270682
BA2645	8.42798766039968	7.94314055717551
BA2525	8.34456564828853	7.06166102601644
BA2876	8.61151153389318	8.30037965468589
BA2357	8.95777690896205	6.52938873500607
BA2546	8.0301567645062	8.52190108216259
BA2742	7.87584460904621	8.49908497066643
BA2316	8.22855584188171	8.32228693534529
BA2421	8.28526081080175	7.85931538761176
BA2087	9.10147698629206	7.91578361841166
BA2910	9.22287720595147	7.00853195755675
BA2148	7.95609226155088	7.31579076602089
BA2063	8.34232080533324	7.96260346447077
BA2329	8.3972661940189	8.48407580140491
BA3178	8.76897254396233	7.38257507273258
BA2072	8.41135949860071	8.44481942009045
BA3029	8.78717245605116	6.90940702790402
BA2733	8.96458579397726	7.62806217739621
BA2995	8.45209623715645	7.21053357648558
BA2069	8.46185834013681	7.18644077892568
BA2100	8.70690950167434	7.13198010911185
BA2681	9.52517542791568	7.54625616208849
BA2248	9.19906475607931	6.51154576024005
BA2832	8.18813169577028	7.48382605156173
BA2308	9.48708042008341	7.04988485075939
BA2413	9.4045391740165	7.09190952990899
BA2701	8.7361512573159	8.80867768640892
BA2634	8.22240857358487	8.04242466385173
BA2677	8.79635277497105	7.93990288358419
BA2937	8.25344779136567	8.05115312612603
BA2600	9.2429894144776	7.91426996698012
BA2019	8.12986534537924	6.39599982532293
BA2412	6.82309107200081	9.56420444046175
BA2334	8.94087956106744	7.22951525991334
BA2050	9.34744684153524	6.28373604828764
BA3230	8.78108213178214	8.0301567645062
BA2953	9.69817061599593	6.96289154217268
BA2481	8.58191208164573	6.95017040445475
BA2731	8.46185834013681	9.3217592552912
BA2294	9.25517667754352	7.31937809888862
BA2418	9.1410080593907	6.76183989992728
BA2816	9.14863087419242	7.26761325734099
BA2656	8.93082572022568	6.67285627660237
BA2814	7.63755645913212	8.28526081080175
BA2631	9.3561004357089	7.631611105114
BA2023	8.3311533449718	8.48906113697349
BA2375	8.84941498844258	9.07395764638915
BA2485	8.78899864293157	7.31937809888862
BA2455	8.3156761580726	7.93352218493006
BA2025	8.56338303703764	7.30313040589717
BA2636	9.10713869224013	7.00288610035202
BA2325	7.29687122589928	9.15628939970288
BA2169	8.51934782702254	7.65022254150033
BA2156	9.48238177689826	7.53405377993628
BA2511	8.46430959418229	7.93502206043898
BA2939	9.41350421836705	6.68810200399149
BA2168	9.20300948929151	7.02200264661639
BA2505	9.09230819306279	8.24301678047805
BA2860	8.97485330936457	8.43758065182973
BA2707	9.12210512882866	7.53197491812839
BA2871	8.66689198102969	7.70961368830257
BA2655	9.36916799017741	6.97383568837724
BA2227	9.42251934116338	6.33691799113473
BA2125	7.76334677298606	7.49457772487061
BA2523	9.33455230246716	6.52630500155159
BA2603	8.99558616821901	7.67493502317828
BA2808	8.70112769787832	7.29687122589928
BA2282	7.26503778677364	8.83362186336888
BA2482	9.04501990946176	7.72417589543797
BA2812	8.81487669872437	7.34929269675225
BA2822	7.14998539597838	7.59101188148724
BA2594	8.42798766039968	8.36722488709977
BA2747	9.35176787188011	6.78433325744635
BA2561	9.09970659968869	7.08899874190146
BA2567	7.54085820588458	7.97388709664949
BA2906	8.80250309714617	7.72809482559201
BA2956	8.11104544817006	8.72438748273975
BA2474	9.08127310626888	7.81385914418798
BA2737	8.02685700006077	8.03550248502968
BA2110	7.71347289714959	8.7361512573159
BA2992	9.18338030789918	8.28956252610494
BA2220	9.00955709168753	6.62789754750857
BA2772	9.42251934116338	6.61753222574519
BA2935	8.55029123602985	7.84883391972247
BA2260	8.75098362594822	8.42559982560594
BA2676	8.7361512573159	7.53197491812839
BA2948	7.55189787670547	7.8210975174081
BA2524	9.2592593958878	8.31347995218337
BA2811	8.83676787171411	6.64966424428309
BA2540	8.86857724833819	6.79345158499426
BA2928	8.7214605815193	7.90342171341614
BA2302	9.38234175781362	6.70639038824238
BA2595	9.09230819306279	7.67751428719864
BA2792	8.66689198102969	7.60876718089275
BA2651	9.17948259034573	6.81453593095305
BA2619	7.88191833711993	7.07486831392374
BA3013	9.54457000922792	7.15158559200513
BA2405	9.64008823387741	6.42189529871828
BA2735	9.08494318011795	6.2796317403598
BA2856	7.56206988956539	7.01613705435711
BA2377	8.74389874448259	6.44995385247277
BA2499	9.66095938066438	6.54307132156237
BA2463	8.4179334910987	8.27427248278834
BA3023	9.17948259034573	7.72941398094
BA2095	9.13342062895717	6.80787905159787
BA2901	8.51425498508966	7.6577402686387
BA2275	6.9401836518602	8.41135949860071
BA2387	8.68106286594684	7.50002964161751
BA2962	9.73079295605488	6.98275640527684
BA2195	8.69249597847146	7.91267481802265
BA2688	8.77262692606308	7.12115659158764
BA2787	6.35352478320916	9.21888429779212
BA2420	9.09970659968869	7.46163860381834
BA2756	9.56420444046175	6.35117266997331
BA2122	7.70840071464408	7.48057619109315
BA2053	9.16784487350203	7.3548407117676
BA2080	8.92748837970555	7.28525840993051
BA2081	9.00255657247606	8.13176351189552
BA2354	9.30238239860393	7.54970729199318
BA3273	7.24904224136933	6.36512999451549
BA2893	9.50601427714714	6.806661857708
BA2044	8.43758065182973	7.91111348596979
BA2489	9.15628939970288	6.95751613947387
BA2309	9.05942450247106	7.60161963856079
BA2720	7.7605970351598	6.07438042977308
BA2908	9.83621907237271	7.29599106177635
BA2054	8.54508752883457	7.20152351501227
BA2872	8.00271116464237	8.12797014139423
BA2526	9.09600320401444	7.24138386390375
BA2041	9.02011485988608	6.89778124838191
BA2464	9.07395764638915	6.97731252665637
BA2902	8.82734862624236	7.65022254150033
BA2541	9.18338030789918	7.28438406463884
BA2143	7.22867709025789	7.94466831928416
BA2094	7.79956921933088	7.46577618872004
BA2769	8.904319577833	7.9003747386446
BA2843	8.88148184246882	6.71268468403438
BA2592	9.57909169555586	7.08741196449123
BA2497	8.09067732991193	7.65632337592004
BA2718	8.61151153389318	7.36252362510307
BA2575	7.3614587281193	9.46836798648192
BA2096	9.4000752436972	6.87589317842963
BA2593	10.3090915070605	6.76123286144052
BA2791	9.14481502348153	6.69580577134555
BA2620	8.61695773628636	8.47168927654288
BA2629	9.4000752436972	7.51849616731086
BA2870	9.26745559419095	7.12814379144502
BA2423	7.73861349646242	9.2429894144776
BA2682	9.14863087419242	7.67233847579442
BA2276	8.91090509269608	6.94945791531145
BA2348	7.52987979374564	8.51425498508966
BA2709	8.81177412986094	8.19611264417946
BA2789	9.36480042798147	7.48382605156173
BA2694	8.92748837970555	7.89108706846145
BA2538	8.40429460371975	7.2245944685398
BA2583	9.44070228005406	6.7789181692916
BA2415	7.67493502317828	8.51425498508966
BA2722	7.0623479587219	7.64377441186557
BA2806	9.01306871894599	7.38361760058351
BA2221	7.99413751864958	8.22036612888066
BA3025	9.2389471182711	7.4363086679988
BA2514	8.62153057515291	7.35673455123978
BA2520	9.08127310626888	6.97250726431014
BA2441	7.40108920011618	7.85345354435312
BA2153	9.57909169555586	6.85085774455995
BA2479	8.22832881693221	7.13359161213086
BA2281	9.01658796485945	6.62191624581517
BA2657	8.33560901482561	8.80250309714617
BA2932	9.12210512882866	7.06094242567649
BA2123	9.57909169555586	5.91161593377364
BA2844	9.22687989289351	7.45167143306165
BA2660	9.06304565250042	7.90803356905227
BA2836	8.74800571415782	7.66132793104992
BA3027	7.63041516939983	8.5529001392332
BA2714	8.89122942781574	8.42083657982967
BA2139	6.80299244523417	9.05942450247106
BA2251	8.32671267592458	7.75921826167611
BA2952	8.16254296358662	7.18556384102574
BA2440	8.39493145233583	6.54456958822718
BA2036	8.75695672842528	7.45053981568106
BA2828	8.09804401257278	8.83992016748168
BA2292	8.98173476670244	6.71443140013608
BA2410	9.34313727945847	7.10693286579065
BA2051	7.46363654414575	8.46922505155083
BA2532	7.45571345371651	6.37878971540536
BA2986	8.95099667095566	7.14921380328589
BA2494	8.39027400222105	7.39139112472357
BA2515	8.66407371953991	7.16215175411855
BA2748	9.33883912107995	7.52428329559334
BA2970	8.8589671548512	6.92959860586943
BA2622	8.65006116973985	8.39027400222105
BA2839	8.72438748273975	7.28622892412638
BA2052	9.10713869224013	6.81453593095305
BA3011	8.50277388292747	6.88932432366148
BA2868	9.00255657247606	7.74263536016322
BA2510	9.01658796485945	7.54085820588458
BA2065	9.20696376307392	7.12266775163133
BA2691	8.11104544817006	8.73910632748104
BA2374	8.21222936163239	5.82113079754453
BA2804	8.8879736022598	7.45670028367566
BA2670	7.93824432889201	8.54508752883457
BA2675	9.08494318011795	7.17116786854616
BA2589	8.38563253120242	7.39540604135448
BA2031	8.87824586229709	7.77581260088951
BA2198	9.39118419839355	7.81249915728454
BA2066	8.28097335559112	8.08518191159815
BA2344	9.57411368730524	6.72991592484699
BA2459	9.38404554334867	6.34594713892537
BA2229	8.53473617000875	7.76614073791854
BA2559	8.68391306436784	8.1073163967498
BA2093	9.23491479941431	6.3878866435171
BA2000	8.08701091285537	7.49042755149826
BA2425	8.47600328572046	6.9462008471637
BA2905	9.22687989289351	7.05721925341645
BA2304	7.16215175411855	8.56338303703764
BA2976	8.65285322774346	8.48158973981744
BA2386	9.09970659968869	7.50436087643108
BA2035	9.33455230246716	6.95085389521077
BA2760	8.29820901257083	8.76897254396233
BA2201	8.89776108628452	7.8894951557827
BA2355	8.59260663428802	7.19985683529985
BA2113	8.50026123971081	7.63393532286626
BA2155	8.99906762077278	7.1173855294893
BA2955	8.07971165578759	8.72438748273975
BA2502	8.05457002396872	8.76595984417136
BA2322	8.93082572022568	7.83840005803793
BA2376	6.97993778438247	8.9076089453561
BA2020	9.15245565249128	6.90877033903166
BA2226	8.81487669872437	8.08884271670006
BA2200	9.30065851731011	6.93954050250455
BA2121	8.92748837970555	7.61833712147791
BA2944	9.90525526471174	6.93827202821145
BA2033	7.17761745050204	7.26150324021213
BA2867	8.66126072825912	7.39349126897836
BA2089	7.65513327960109	8.35811493599106
BA2224	8.38331776349613	7.12814379144502
BA2046	9.3217592552912	6.88492067829042
BA2972	9.160132157513	7.51630069461518
BA2978	7.85205086731265	8.76595984417136
BA2829	8.79635277497105	7.52657913903788
BA2851	8.5529001392332	7.24138386390375
BA2587	8.72438748273975	7.94936162159169
BA2461	7.94314055717551	8.55813210635661
BA2695	7.68652733200955	8.89957072227792
BA2623	9.57411368730524	7.68273154484305
BA2024	7.58759859001841	8.58992566833602
BA2426	8.88148184246882	7.78681257977187
BA2271	7.95452812467512	8.1981158996604
BA3004	8.57129520837751	7.8894951557827
BA2579	7.85633367820174	8.11478606741055
BA3010	9.00605305286098	8.10917947996904
BA2662	8.34232080533324	7.91895915389096
BA2674	9.15245565249128	6.837182643361
BA2280	8.50160207030541	7.69160326863138
BA2512	6.81629782268832	9.04501990946176
BA2658	9.070312190258	8.22855584188171
BA2394	8.21222936163239	8.37870011521958
BA2950	9.49651930986164	8.17036010262912
BA2981	8.63894476137773	7.08068398565122
BA2934	7.22625304922136	8.13556876112887
BA2539	7.8925772722697	8.61151153389318
BA2249	8.63894476137773	8.15090969693391
BA2034	8.94268168369866	7.11145591609312
BA2109	7.61245153291675	8.20616122712402
BA2242	8.12041880838799	7.46679247570854
BA2277	8.68676863894814	8.00107447892983
BA2727	9.83304132704525	7.32489473499785
BA2132	8.672544374331	8.21832699326225
BA2618	8.61151153389318	7.69790613813162
BA2521	8.672544374331	7.8503248353151
BA2846	9.1755941413251	7.82406690467398
BA2885	8.02142525655183	8.26607857536642
BA2639	9.04860912314158	7.81686981561798
BA2775	8.84941498844258	7.88342196520891
BA2402	9.26335235036244	7.38062061343463
BA2097	9.44070228005406	7.63278489020753
BA2786	9.34313727945847	7.24390327644845
BA2399	9.44070228005406	6.6963494054774
BA2850	8.91090509269608	6.51105136156458
BA2174	8.34232080533324	8.87824586229709
BA2004	7.48933909555342	7.92699657991781
BA3001	9.69817061599593	6.47131885810123
BA2311	7.93028682049466	9.14481502348153
BA2483	8.48343527695382	7.69288267465993
BA3040	9.00605305286098	6.53396722315737
BA2837	9.37793858616158	7.43535782218911
BA2724	8.5607551950315	8.21425861754816
BA2911	9.35176787188011	7.38257507273258
BA2256	9.43613726309062	6.3282334089858
BA2821	9.69817061599593	7.2808607611199
BA2233	9.19906475607931	7.47830743039593
BA2744	9.34313727945847	7.06885426902192
BA2880	8.34906675857089	7.82549928808227
BA2621	8.28097335559112	8.39960495989321
BA3002	8.42744390017979	7.85777881958234
BA2501	8.48407580140491	6.79699042284113
BA2993	8.84624370479657	6.4238257457666
BA2301	8.06147774301482	7.71215406681609
BA2852	8.29820901257083	7.16953610700443
BA2133	7.83554388846121	8.04242466385173
BA2866	9.19906475607931	7.22705513643141
BA2212	9.33455230246716	6.79158437688518
BA2685	9.39562360946183	6.91069984449294
BA2273	8.83362186336888	6.94758145894243
BA2477	9.29229417829056	7.01543819204674
BA2659	8.45453034732936	8.21020338316209
BA2124	9.49819442110274	7.34644203598481
BA2363	8.84941498844258	8.49406416345013
BA2369	8.79328666582968	8.21832699326225
BA2534	9.0271917203024	6.49352400697531
BA2400	9.46836798648192	7.20152351501227
BA2762	8.96117775713075	7.41795204933222
BA2312	8.79635277497105	7.97720455656684
BA2813	9.54457000922792	6.4930085337883
BA2211	9.17734760232419	7.74808252538179
BA2171	9.17171491689544	7.46260985261637
BA2746	7.89401548128851	8.47663077360064
BA2798	9.67679810675791	6.94819581980106
BA2809	9.1872873383188	6.98208266015901
BA2288	8.55505298542423	6.77304018403642
BA2801	8.32449794408229	7.48382605156173
BA3030	8.66873090783595	8.68575056053729
BA2588	9.44070228005406	7.51732737025111
BA2296	9.28397254525379	7.68775219309565
BA2300	8.69249597847146	7.60989112051761
BA2903	6.47376016789819	8.75396729152058
BA2473	9.13518361120238	7.05570452227078
BA2545	8.25764420926654	8.27670009201677
BA2840	8.5971359914493	5.45234424595149
BA2528	9.14863087419242	7.25976697827341
BA2646	8.84941498844258	7.10235206017353
BA3407	8.40429460371975	7.62080780455831
BA2240	8.25554427681065	7.12590219224429
BA2926	9.48238177689826	7.22543117773692
BA2272	8.26607857536642	8.268195867683
BA2306	8.87501645157825	8.01457218763256
BA2765	7.08068398565122	9.08494318011795
BA2904	8.52958832512444	8.52445890903765
BA2883	9.05581138653334	7.03474280183588
BA2726	6.49846429425474	8.67537853618004
BA2234	7.19816924570359	8.10545619155905
BA2022	8.91751782379931	6.68810200399149
BA2228	8.48906113697349	7.70064711748054
BA2037	9.49651930986164	7.35764711965898
BA2184	9.2592593958878	7.27805701193436
BA3009	9.06304565250042	7.39444593270682
BA2842	7.37484847247432	7.73462168625585
BA2442	8.86536741111737	6.93954050250455
BA2882	7.69790613813162	8.78717245605116
BA2758	8.01121552663761	8.56601564488201
BA2705	8.4594113881339	8.5373170330564
BA2663	7.58640399756741	8.70690950167434
BA2570	9.070312190258	7.37675245327076
BA2764	7.86519796261888	7.57724219112205
BA2209	8.23267071257109	6.76777472760262
BA2989	8.87824586229709	6.55713498264667
BA2855	7.70582137825133	8.51425498508966
BA2261	7.49565796423242	7.89401548128851
BA2721	8.41608983118813	8.78108213178214
BA2930	7.75371580805874	8.62516478231551
BA2728	7.74132890165977	9.17171491689544
BA2715	7.71215406681609	6.58673582096521
BA2469	7.96260346447077	6.25091484872834
BA2269	7.15633759792086	7.60395254604328
BA2098	8.09251475928632	7.52310081760665
BA2778	6.98621603600523	8.96117775713075
BA2951	9.78674968596522	6.62952631509886
BA2163	7.09568366825665	7.57003408038875
BA2379	7.31397253852267	8.40664550150058
BA2817	7.86671215518685	7.63278489020753
BA3153	7.92699657991781	8.10545619155905
BA2820	8.20414503388581	8.14513423086413
BA2723	8.22445433533228	7.18474506245045
BA2704	9.23491479941431	7.5098325342709
BA2088	8.3972661940189	7.53093612416627
BA2116	6.78491577385659	7.2588778562729
BA2584	7.87430709609213	7.65148276489013
BA3079	8.24717893447311	8.03197078783115
BA2417	8.47910806756512	7.39043320737024
BA2361	8.09067732991193	7.45670028367566
BA2450	8.75995195431454	7.71999782727612
BA2492	7.35202275514424	8.08153228980509
BA2552	9.4270458724936	7.62925234894777
BA2472	8.04060780611373	6.76065503993724
BA2994	9.04501990946176	7.29162764738793
BA2047	8.54249270039127	6.34737367069021
BA2101	8.5117153749805	7.78123623973778
BA2082	8.97829037472744	7.97720455656684
BA2879	7.48057619109315	8.31128742473223
BA2577	9.4000752436972	7.2456266527422
BA2456	8.22445433533228	8.3603866090308
BA2175	6.84399982384708	7.42928783450574
BA2824	8.58457840504288	7.26851020715081
BA2507	9.15245565249128	7.28268371584317
BA2563	9.21888429779212	7.32779530563549
BA2244	8.44966638628301	8.0760787079227
BA2470	8.66407371953991	6.15353258469632
BA2984	8.74503353869987	7.47830743039593
BA2414	9.11835064360706	7.18320770184298
BA2697	7.00782899353321	8.93262964269805
BA2079	6.63915578339387	9.33455230246716
BA2999	8.59529250724368	7.10160504306164
BA2644	8.30909856685695	8.63894476137773
BA2011	8.00619097456886	8.47415784691615
BA2217	9.35176787188011	7.23126576681474
BA2454	9.13720994130471	6.54042498941119
BA2776	9.1872873383188	7.83985748399556
BA2218	9.47302564786274	6.13289457953367
BA2135	9.53000194332933	7.10771088589405
BA2914	7.96905854853838	8.93082572022568
BA2500	7.68775219309565	7.44544500262934
BA2830	9.79819104218496	7.40406179513594
BA2406	8.13176351189552	8.44966638628301
BA3108	9.44528028465592	6.96156655492073
BA2924	8.76595984417136	7.02978091514104
BA2303	7.93352218493006	8.21832699326225
BA2160	8.82110029202306	7.88494695067266
BA2038	8.40194775982719	7.10925539195399
BA2602	8.32893113987774	7.29162764738793
BA2964	7.878761730409	7.59565623174131
BA2898	7.94635895319707	8.15671254170946
BA3003	7.88191833711993	7.96422079504262
BA2111	8.01457218763256	7.7605970351598
BA2827	8.18020169656618	8.03884116383771
BA2912	8.18217944661747	7.82549928808227
BA2437	8.21832699326225	7.60510330404292
BA2283	7.92868137841977	8.14898150925669
BA2057	7.89563066633541	7.92364245319313
BA2633	8.3603866090308	7.77444024847
BA3034	7.97720455656684	7.95296500400789
BA2607	8.18813169577028	8.0044307958278
BA2761	8.40194775982719	7.86231924501854
BA2795	8.00271116464237	8.29820901257083
BA2182	8.19411260375688	7.90654028957083
BA2152	7.89401548128851	7.92699657991781
BA2381	9.55927298456459	7.01271335596315
BA2931	8.34456564828853	7.95936662330483
BA2040	7.72277870826456	8.39493145233583
BA2590	9.34744684153524	7.58290428004672
BA3195	9.4045391740165	7.04424068249485
BA2516	9.40177461105289	6.84399982384708
BA2353	9.62461563502098	7.63278489020753
BA3036	9.44070228005406	7.14070376063247
BA2971	8.05801802157941	9.14657546028189
BA3410	7.99739906746641	6.99787187673434
BA3118	8.8525926437112	8.02856358263369
BA3206	9.09600320401444	7.35026488029426
BA3202	8.84307877151568	7.41795204933222
BA3217	9.33455230246716	7.13671405241938
BA3405	7.61245153291675	9.36480042798147
BA3306	9.27982760161886	6.57772759538865
BA3371	8.91420804405317	6.11337939204764
BA3413	9.33027676031699	7.58415033094325
BA3411	8.88148184246882	7.80817251236376
BA3133	7.55977224878375	7.57365573963701
BA3164	8.77804587995587	6.97042186538325
BA3451	7.44242521067177	8.79328666582968
BA3286	8.50412364911741	7.61362919863888
BA3212	7.50105244518025	6.59519386649706
BA3103	8.7420670822246	7.46577618872004
BA3271	8.92748837970555	7.89717932578411
BA3152	7.13359161213086	8.70112769787832
BA3095	8.61695773628636	6.78683353920324
BA3192	9.4000752436972	6.21230542388257
BA3251	8.7420670822246	7.49672370749375
BA3362	7.81686981561798	7.40108920011618
BA3400	8.15477520582082	6.92050118830241
BA3135	9.25517667754352	7.52310081760665
BA3408	8.42321613548815	7.10693286579065
BA3187	8.65006116973985	7.17116786854616
BA3098	8.77804587995587	8.02856358263369
BA3435	9.4000752436972	7.18731663184627
BA3261	9.06667487040862	7.64895583047878
BA3203	7.19738153999511	7.12738803665014
BA3174	7.89563066633541	8.48656626341456
BA3317	9.90525526471174	6.60315866621686
BA3299	8.268195867683	7.55754763062472
BA3221	7.54085820588458	8.75995195431454
BA3347	7.9003747386446	7.50539293842063
BA3235	6.9965338713589	9.21888429779212
BA3126	7.65148276489013	8.49657233882556
BA3380	9.05220627117217	7.00924527251429
BA3089	9.4917929010063	7.06371663624663
BA3109	7.91267481802265	9.12964008242639
BA3114	8.27456876079558	7.11440294806697
BA3418	9.1755941413251	7.26066025557169
BA3245	6.72876764999848	7.51527675972318
BA3085	9.2109276242084	7.46679247570854
BA3128	9.4045391740165	6.86407290374975
BA3423	9.59916222255831	6.56532526138634
BA3173	9.26335235036244	7.66015357873811
BA3171	7.55754763062472	8.16254296358662
BA3277	8.79022656584331	7.73462168625585
BA3210	8.24301678047805	7.70582137825133
BA3157	10.1099887487995	6.91665453342353
BA3433	8.7214605815193	7.56567805381962
BA3322	8.25554427681065	7.6363131099363
BA3374	8.92415796681604	7.31301236291507
BA3450	8.63894476137773	6.15397098768236
BA3167	9.04501990946176	7.47111652375221
BA3269	7.80392510487274	7.54733361982974
BA3110	9.20870997646767	7.00565090016862
BA3156	9.73079295605488	6.36648969189247
BA3226	9.55927298456459	7.15327818681819
BA3421	8.25344779136567	7.94145634611773
BA3232	9.03786515454843	7.54856623986657
BA3289	7.61833712147791	8.53473617000875
BA3430	7.74666982029682	7.34082017175962
BA3145	8.61695773628636	7.09927444538542
BA3399	7.84567146798846	7.49256176412129
BA3449	9.45447558148811	6.63383351459938
BA3384	8.824221356442	7.60280427832536
BA3427	7.21134659078952	8.80250309714617
BA3163	7.08148396341999	8.52445890903765
BA3158	9.2592593958878	7.4827611671997
BA3436	9.67679810675791	7.31758513982701
BA3154	7.76749698582267	6.36086030376613
BA3162	8.60337970015667	7.43931413643912
BA3352	9.67313133431446	6.43437499992686
BA3084	8.78717245605116	7.10925539195399
BA3149	7.8210975174081	8.61968837224666
BA3169	8.24301678047805	8.16449260027971
BA3180	9.11460476788528	7.39444593270682
BA3255	8.64449262965366	7.60280427832536
BA3438	9.3735473533766	6.81086164089737
BA3345	7.67751428719864	8.61151153389318
BA3403	8.41372261793503	7.48933909555342
BA3431	7.86519796261888	7.65632337592004
BA3181	8.39960495989321	8.18020169656618
BA3341	7.99413751864958	6.89968682755392
BA3191	8.36494157515656	8.66126072825912
BA3197	8.97829037472744	7.72277870826456
BA3448	9.08494318011795	6.95213438220586
BA3453	8.80867768640892	7.00079089475897
BA3406	8.79635277497105	7.29431703031285
BA3308	9.38675693832204	7.57949702449786
BA3186	8.48399844841995	7.64511152399424
BA3334	8.7214605815193	6.79640967556144
BA3447	9.60422004710875	6.03566200297907
BA3116	8.70401585675217	8.50160207030541
BA3280	9.25110414260315	6.37783233286425
BA3185	8.5373170330564	7.88191833711993
BA3094	8.59798330037588	7.44041046246091
BA3318	8.47663077360064	6.85085774455995
BA3216	8.8879736022598	7.71088637463883
BA3332	9.36916799017741	6.66119005251722
BA3214	9.51245452204643	7.45866975783138
BA3099	8.8717935877338	7.64778904816974
BA3141	9.43158515365849	6.68593691853273
BA3373	8.78108213178214	7.35957852119331
BA3319	7.51413414557592	9.11086746340759
BA3328	8.07971165578759	8.51425498508966
BA3339	8.07425460403884	7.97894297933459
BA3240	8.97485330936457	6.55393544253528
BA3142	8.62516478231551	7.78959302181462
BA3333	8.98864564355709	7.69921272259806
BA3381	8.18217944661747	8.43037965011906
BA3290	8.25344779136567	7.97388709664949
BA3207	7.11965805588277	8.42798766039968
BA3296	7.05061628699762	8.57659398663682
BA3305	8.59260663428802	7.44544500262934
BA3434	9.18338030789918	8.04765964150367
BA3189	8.87824586229709	7.38062061343463
BA3264	8.69536777456055	7.28525840993051
BA3329	9.45616130594571	7.2371970090631
BA3417	8.57925061313916	8.19211577067672
BA3367	7.38257507273258	8.40797846061249
BA3225	6.41555515164963	9.21888429779212
BA3183	8.88148184246882	7.35578970076071
BA3222	8.70401585675217	7.25176192852259
BA3139	7.46894970580743	6.7542341768109
BA3397	6.732801148639	6.74151598315505
BA3311	7.04704814373678	9.14863087419242
BA3422	9.02011485988608	7.95936662330483
BA3228	8.92415796681604	8.31787605128572
BA3213	8.62516478231551	8.27670009201677
BA3270	8.31787605128572	8.70112769787832
BA3415	7.56784611916855	6.19521896796153
BA3324	8.5607551950315	8.02508710399741
BA3194	8.68106286594684	7.41889646736553
BA3335	8.19211577067672	7.62925234894777
BA3199	9.4000752436972	7.05721925341645
BA3326	8.22036612888066	8.16254296358662
BA3285	7.61362919863888	6.73222274372854
BA3297	8.05288390011611	8.15477520582082
BA3227	8.79022656584331	7.57834177713667
BA3394	9.39118419839355	8.15090969693391
BA3412	7.81249915728454	7.75921826167611
BA3293	8.85123237146193	7.5021543154823
BA3250	7.96260346447077	8.89449191470128
BA3177	8.77199110438686	8.02142525655183
BA3315	8.34906675857089	7.5021543154823
BA3182	7.94936162159169	9.03429954865997
BA3260	7.42825345365406	8.48158973981744
BA3369	8.66407371953991	8.43998936441936
BA3078	8.96297616127633	7.44143176676429
BA3386	8.89776108628452	7.06596636229514
BA3445	8.25135474465914	6.88614746987226
BA3452	8.77199110438686	9.04143859741613
BA3176	9.21490111990201	7.18320770184298
BA3258	7.18983138735934	8.6361785433996
BA3295	8.05972702484149	8.48656626341456
BA3283	8.2960419873451	7.91729349109161
BA3390	7.6160759273921	8.87501645157825
BA3275	8.48906113697349	7.29872623007905
BA3136	7.65276972214058	7.81385914418798
BA3190	9.28397254525379	6.40454724548096
BA3234	6.61979235879454	9.15628939970288
BA3087	7.02052497875875	7.02274319881886
BA3454	8.53473617000875	7.60395254604328
BA3302	9.56915130536806	7.15713373737018
BA3117	9.28155652487085	7.29515347515493
BA3083	7.86962495676443	7.89108706846145
BA3266	8.43277580504712	7.40200052886874
BA3175	7.8503248353151	9.27569316532541
BA3268	8.75396729152058	6.25221507266163
BA3229	8.84624370479657	8.45453034732936
BA3353	8.75396729152058	7.40609048790591
BA3312	8.50918028997297	7.33250978911574
BA3119	9.01658796485945	7.56784611916855
BA3138	8.45696872743274	7.878761730409
BA3219	6.95344802847081	9.44528028465592
BA3388	8.59260663428802	8.15284092667829
BA3357	8.78290910408921	7.67493502317828
BA3351	8.15090969693391	7.08899874190146
BA3208	8.95099667095566	6.98821538280907
BA3310	9.070312190258	7.40108920011618
BA3200	8.31128742473223	8.05457002396872
BA3325	8.57129520837751	7.25696535562506
BA3146	8.49406416345013	7.92526519111295
BA3211	8.8589671548512	7.15327818681819
BA3237	8.70112769787832	7.84883391972247
BA3130	6.67668520784891	9.3260124319477
BA3376	8.59529250724368	7.5725144548201
BA3137	8.43517613550052	8.37180321609369
BA3300	8.91122222327466	7.17275321082541
BA3375	8.53473617000875	7.88342196520891
BA3249	8.81669913828123	6.84221092467626
BA3385	8.46185834013681	7.80543655113692
BA3242	8.93752128537319	7.60641689970034
BA3446	8.44966638628301	8.2618544484033
BA3416	8.97829037472744	7.33978574457582
BA3123	9.38574669180088	7.14687001357008
