	ABL1	ASXL1
BA2000	0.0146845710165825	0.0103560239248077
BA2003	0.0095313626532083	0.0099501566505269
BA2004	0.0112418889689978	0.0154827684420393
BA2006	0.0060003604902667	0.0159014525776132
BA2011	0.0100919250180245	0.0079735118199943
BA2019	0.0196629416005767	0.0143876388493306
BA2020	0.0263392213410237	0.0190586727428083
BA2022	0.0168979812545061	0.013366562232982
BA2023	0.0098017303532804	0.0071389917402449
BA2024	0.0110868781542898	0.0097294218171461
BA2025	0.0185724585436193	0.0104713756764454
BA2031	0.0146377072819033	0.0087510680717744
BA2032	0.0132462148521989	0.0096938194246653
BA2033	0.0081723143475126	0.0110937054970094
BA2034	0.0197494592645998	0.0122045001424095
BA2035	0.0183687815428983	0.0121931073768157
BA2036	0.0147530641672674	0.0149045855881515
BA2037	0.0234264599855803	0.0192067786955283
BA2041	0.01598774333093	0.0122529193961834
BA2044	0.0127793799567411	0.0103417829678154
BA2046	0.0203460706560922	0.0144673882084876
BA2047	0.0213968997837058	0.0156778695528339
BA2050	0.0107462148521989	0.0076445457134719
BA2051	0.0223882480173035	0.013607234406152
BA2052	0.013585075702956	0.0250484192537738
BA2053	0.0078983417447728	0.008046140700655
BA2054	0.0082660418168709	0.0083124465964112
BA2055	0.0044250180245133	0.006251780119624
BA2063	0.033361571737563	0.0278254058672742
BA2065	0.0192790194664744	0.0142879521503845
BA2066	0.0210976928622927	0.0126872685844488
BA2068	0.0152397260273972	0.009864710908573
BA2069	0.0120782263878875	0.0109043007690116
BA2072	0.0101243691420331	0.0074579891768726
BA2079	0.0053911319394376	0.0056664767872401
BA2080	0.0201568132660418	0.011177727143264
BA2081	0.012382840663302	0.0092708630019937
BA2082	0.0226405912040374	0.0100754770720592
BA2087	0.0131452775775054	0.0063600113927655
BA2088	0.016995313626532	0.0130575334662489
BA2089	0.0200973323720259	0.0115180860153802
BA2093	0.0109012256669069	0.0189518655653659
BA2094	0.0125342465753424	0.0118513244090002
BA2095	0.0175198269646719	0.011510965536884
BA2096	0.0067429704397981	0.0077015095414411
BA2097	0.0227577505407354	0.022336941042438
BA2098	0.012664023071377	0.007355454286528
BA2100	0.0066240086517664	0.008853602962119
BA2101	0.0096467195385724	0.0161492452292794
BA2104	0.0069358327325162	0.0051751637710054
BA2106	0.0121449170872386	0.0095286243235545
BA2109	0.0096160778658976	0.0068427798348048
BA2110	0.005677721701514	0.0061948162916547
BA2113	0.0232191780821917	0.0148518940472799
BA2116	0.0132804614275414	0.0155041298775277
BA2121	0.0142231434751261	0.0120279122757049
BA2122	0.0042213410237923	0.0057476502420962
BA2123	0.0203028118240807	0.0162019367701509
BA2124	0.0179434030281182	0.0128068926231842
BA2125	0.0150955299206921	0.0126046710338934
BA2132	0.0178821196827685	0.0134648248362289
BA2133	0.0063211968276856	0.0151794360581031
BA2134	0.0074351117519826	0.0062318427798348
BA2135	0.0098558038932948	0.0131871261748789
BA2139	0.0064852198990627	0.0061179151238963
BA2143	0.0127180966113914	0.0105012816861293
BA2148	0.0149242970439798	0.0085075477072059
BA2153	0.0082390050468637	0.011794360581031
BA2155	0.012382840663302	0.0102449444602677
BA2156	0.0208399423215573	0.012935061236115
BA2162	0.0132804614275414	0.0122315579606949
BA2163	0.0161968276856524	0.0135972657362574
BA2168	0.0087941600576784	0.0094403303902022
BA2169	0.0112076423936553	0.0152976360011392
BA2171	0.0253118240807498	0.0156849900313301
BA2172	0.0166528478731074	0.0083751068071774
BA2174	0.0147224224945926	0.0119581315864426
BA2175	0.019388968997837	0.0164240956992309
BA2184	0.046326604181687	0.0253545998291085
BA2195	0.0100342465753424	0.009192537738536
BA2198	0.0141474405191059	0.0102990600968385
BA2200	0.0183453496755587	0.0153047564796354
BA2201	0.0077883922134102	0.0059455995442893
BA2209	0.0153947368421052	0.0371418399316434
BA2211	0.0313320115356885	0.0170506978068926
BA2212	0.0161824080749819	0.0115679293648533
BA2217	0.0262707281903388	0.0119125605240672
BA2218	0.0069124008651766	0.0077200227855311
BA2220	0.0089419610670511	0.0090515522643121
BA2221	0.0084661139149242	0.01042580461407
BA2224	0.0088914924297043	0.0088692680148105
BA2226	0.0220944484498918	0.0164696667616063
BA2227	0.0209408795962509	0.0165593847906579
BA2228	0.0196377072819033	0.0170563941896895
BA2229	0.0153713049747656	0.0254955853033323
BA2233	0.0236860129776496	0.0119367701509541
BA2234	0.0152505407354001	0.011516661919681
BA2235	0.0130641672674837	0.0096738820848761
BA2236	0.018817591925018	0.0110125320421532
BA2239	0.0091726748377793	0.0074366277413842
BA2240	0.0207876712328767	0.0145414411848476
BA2242	0.0155587599134823	0.0164782113358017
BA2244	0.0166348233597692	0.0085103958986043
BA2245	0.0197404470079307	0.0136855596696097
BA2248	0.00905010814708	0.0078894901737396
BA2249	0.012557678442682	0.0124565650811734
BA2251	0.0230894015861571	0.0152862432355454
BA2256	0.0136391492429704	0.0102748504699515
BA2260	0.0076297764960346	0.0071646254628311
BA2261	0.0063482335976928	0.0069908857875249
BA2269	0.006685291997116	0.0044189689547137
BA2271	0.0136319394376351	0.0125078325263457
BA2272	0.01	0.0087510680717744
BA2273	0.0184607065609228	0.0123583024779265
BA2275	0.0184697188175919	0.0150213614354884
BA2276	0.0092519826964671	0.0077456565081173
BA2277	0.0193421052631578	0.0151538023355169
BA2280	0.0273449891852919	0.0184804898889205
BA2281	0.0179271809661139	0.0149344915978353
BA2282	0.0063031723143475	0.0109228140131016
BA2286	0.0208507570295602	0.0129222443748219
BA2288	0.0124134823359769	0.0143021931073768
BA2292	0.0175486661860129	0.0130062660210766
BA2294	0.0140573179524152	0.0133266875534035
BA2296	0.0239365537130497	0.0134619766448305
BA2300	0.0072584715212689	0.0150939903161492
BA2301	0.0100739005046863	0.01061093705497
BA2302	0.0157948810382119	0.0144018798063229
BA2304	0.0063734679163662	0.0059085730561093
BA2306	0.0136121124729632	0.0105781828538877
BA2308	0.0117321557317952	0.011812873825121
BA2309	0.0130984138428262	0.01024067217317
BA2311	0.0107876712328767	0.009636855596696
BA2312	0.009127613554434	0.010764739390487
BA2316	0.0084282624369142	0.0073454856166334
BA2322	0.0178568853640951	0.0096667616063799
BA2325	0.0081506849315068	0.0066348618627171
BA2329	0.0087815428983417	0.0078880660780404
BA2334	0.0099639509733237	0.0094502990600968
BA2339	0.0048882480173035	0.0084092851039589
BA2344	0.0139077144917087	0.0075662204500142
BA2347	0.0055064888248017	0.0075761891199088
BA2348	0.0043727469358327	0.0044189689547137
BA2350	0.0045818312905551	0.0061093705497009
BA2354	0.0157534246575342	0.0131458273996012
BA2355	0.0216312184571016	0.0216377100541156
BA2357	0.0130569574621485	0.0119923098832241
BA2360	0.0196322999279019	0.0113386499572771
BA2361	0.0122873107426099	0.0131045286243235
BA2363	0.0046250901225666	0.0040358872116206
BA2369	0.0189221341023792	0.0142324124181144
BA2374	0.0208489545782263	0.0170692110509826
BA2375	0.0116131939437635	0.0129250925662204
BA2376	0.0086265320836337	0.0084548561663343
BA2377	0.0481254506128334	0.0234363429222443
BA2379	0.0132227829848594	0.0120919965821703
BA2385	0.0062310742609949	0.008366562232982
BA2386	0.0189491708723864	0.014605525491313
BA2387	0.0169881038211968	0.0094346340074052
BA2394	0.0097242249459264	0.0191953859299344
BA2399	0.0148125450612833	0.009044431785816
BA2400	0.0313842826243691	0.0215778980347479
BA2402	0.0125630857966834	0.0121660495585303
BA2405	0.0074134823359769	0.0093392195955568
BA2406	0.0122512617159336	0.0085773283964682
BA2409	0.0120385724585436	0.0084520079749359
BA2410	0.0260958904109589	0.016473939048704
BA2412	0.0044754866618601	0.0076117915123896
BA2413	0.0136788031723143	0.0117772714326402
BA2414	0.0243258832011535	0.0124907433779549
BA2415	0.0047260273972602	0.0056394189689547
BA2417	0.0171773612112472	0.0111563657077755
BA2418	0.0077685652487382	0.007225861577898
BA2420	0.0105136986301369	0.0107675875818855
BA2421	0.0181596971881759	0.0098219880375961
BA2423	0.0107894736842105	0.0114297920820279
BA2425	0.0087941600576784	0.0111421247507832
BA2426	0.0100558759913482	0.0064810595272002
BA2427	0.0086571737563085	0.0102178866419823
BA2429	0.0106452775775054	0.014340643691256
BA2440	0.01405010814708	0.014322130447166
BA2441	0.0184354722422494	0.0215209342067786
BA2442	0.0116095890410958	0.0124095699230988
BA2446	0.0115392934390771	0.0098803759612645
BA2449	0.0213698630136986	0.0110210766163486
BA2450	0.0162040374909877	0.0123839362005126
BA2452	0.0252541456380677	0.0133380803189974
BA2454	0.0121611391492429	0.0143264027342637
BA2455	0.0087148521989906	0.0059285103958986
BA2456	0.0047837058399423	0.0112247223013386
BA2459	0.0067934390771449	0.0138336656223298
BA2461	0.0103262436914203	0.0129621190544004
BA2463	0.0140356885364095	0.0073141555112503
BA2464	0.0198936553713049	0.0128254058672742
BA2469	0.0165843547224224	0.0078097408145827
BA2470	0.0112599134823359	0.0098917687268584
BA2472	0.0163428262436914	0.008575904300769
BA2473	0.0219412400865176	0.0136342922244374
BA2474	0.0123521989906272	0.0099601253204215
BA2477	0.025086517664023	0.0151737396753061
BA2479	0.0077253064167267	0.0203503275420108
BA2480	0.023895097332372	0.0117986328681287
BA2481	0.0052072819033886	0.0065266305895756
BA2482	0.0118006488824801	0.0098704072913699
BA2483	0.0151604181687094	0.0112403873540301
BA2485	0.0216672674837779	0.0121432640273426
BA2488	0.0136697909156452	0.0117074907433779
BA2489	0.0131038211968276	0.0091426943890629
BA2492	0.007577505407354	0.0073027627456565
BA2494	0.0152487382840663	0.0170008544574195
BA2496	0.0059769286229271	0.0057148960410139
BA2497	0.0092682047584715	0.0073312446596411
BA2499	0.0128262436914203	0.0092252919396183
BA2500	0.0246304974765681	0.0147208772429507
BA2501	0.0150558759913482	0.0160182284249501
BA2502	0.0097837058399423	0.0081102250071204
BA2505	0.0148648161499639	0.0101068071774423
BA2507	0.0108904109589041	0.0098903446311592
BA2510	0.016472602739726	0.0088735403019082
BA2511	0.0059480894015861	0.0102178866419823
BA2512	0.0125036049026676	0.0120136713187126
BA2514	0.0112743330930064	0.0143506123611506
BA2515	0.0118655371304974	0.0080988322415266
BA2520	0.0036265320836337	0.0100598120193677
BA2521	0.0162959625090122	0.0131757334092851
BA2523	0.0194394376351838	0.0090472799772144
BA2524	0.0125360490266762	0.0071603531757334
BA2525	0.0119700793078586	0.0263657077755625
BA2526	0.0263968997837058	0.0123041868413557
BA2528	0.0154992790194664	0.0131187695813158
BA2532	0.0165176640230713	0.0154201082312731
BA2534	0.0232516222062004	0.0137994873255482
BA2538	0.012586517664023	0.0190330390202221
BA2539	0.0068961788031723	0.0087453716889774
BA2540	0.0125937274693583	0.0072671603531757
BA2541	0.0059012256669069	0.0091683281116491
BA2545	0.0118186733958183	0.0115408715465679
BA2546	0.0096431146359048	0.0085816006835659
BA2552	0.0384967555875991	0.0167416690401594
BA2559	0.014059120403749	0.0103745371688977
BA2561	0.0080064888248017	0.0066419823412133
BA2563	0.0161067051189617	0.0107035032754201
BA2564	0.0097710886806056	0.0072201651951011
BA2567	0.0041636625811103	0.0143192822557675
BA2570	0.0145692141312184	0.0150071204784961
BA2575	0.0071935832732516	0.0053175733409285
BA2577	0.0213626532083633	0.0126530902876673
BA2579	0.0098648161499639	0.019285103958986
BA2583	0.0164635904830569	0.0160823127314155
BA2584	0.0166005767844268	0.012072059242381
BA2587	0.0186751982696467	0.0113058957561948
BA2588	0.0140032444124008	0.0123867843919111
BA2589	0.0179704397981254	0.0197550555397322
BA2592	0.0183543619322278	0.0190002848191398
BA2593	0.0048125450612833	0.0050726288806607
BA2594	0.0085021629416005	0.0084463115921389
BA2595	0.0101045421773612	0.0072657362574765
BA2597	0.0188248017303532	0.0087297066362859
BA2600	0.011598774333093	0.0099643976075192
BA2603	0.0146557317952415	0.011140700655084
BA2618	0.0207354001441961	0.011547992025064
BA2619	0.0106759192501802	0.0092224437482198
BA2620	0.0146971881759192	0.008631444033039
BA2621	0.009030281182408	0.0103432070635146
BA2622	0.0153731074260994	0.0162645969809171
BA2623	0.0129217736121124	0.0151594987183138
BA2629	0.0102992069214131	0.0161250356023924
BA2631	0.0144736842105263	0.0105753346624893
BA2634	0.0064221341023792	0.0098020506978068
BA2636	0.008720259552992	0.0090159498718313
BA2639	0.0137959625090122	0.0120464255197949
BA2644	0.0111986301369863	0.0091298775277698
BA2645	0.0217844268204758	0.0133679863286812
BA2646	0.0225540735400144	0.0152549131301623
BA2649	0.0211121124729632	0.0130546852748504
BA2651	0.007761355443403	0.0078410709199658
BA2653	0.0130948089401586	0.0182213044716604
BA2655	0.0299783705839942	0.0259982910851609
BA2656	0.0079307858687815	0.0091398461976644
BA2657	0.0115537130497476	0.012040729136998
BA2658	0.0126622206200432	0.0116932497863856
BA2659	0.0140519105984138	0.0088436342922244
BA2660	0.0080857966834895	0.0073810880091142
BA2662	0.0143330930064888	0.0077855311876958
BA2663	0.0116925018024513	0.0113500427228709
BA2667	0.0136445565969718	0.0109256622045001
BA2670	0.0059354722422494	0.0090344631159213
BA2674	0.0104379956741167	0.0117544859014525
BA2675	0.0151568132660418	0.0101310168043292
BA2676	0.0147981254506128	0.0099843349473084
BA2677	0.0095962509012256	0.0112489319282255
BA2681	0.0056380677721701	0.0063884933067502
BA2682	0.012732516222062	0.009920250640843
BA2685	0.0221935832732516	0.0177442324124181
BA2688	0.0081380677721701	0.0145243520364568
BA2691	0.0082858687815428	0.0126673312446596
BA2694	0.0088482335976928	0.012577613215608
BA2695	0.0070007209805335	0.0067260039874679
BA2697	0.0056218457101658	0.0062930788949017
BA2701	0.009388968997837	0.0060139561378524
BA2704	0.0232498197548666	0.0135346055254913
BA2705	0.0289185291997116	0.0156550840216462
BA2707	0.0052000720980533	0.0194559954428937
BA2709	0.008352559480894	0.0058373682711478
BA2712	0.0131182408074981	0.0082099117060666
BA2714	0.0148071377072819	0.0112005126744517
BA2715	0.0302505407354001	0.0124836228994588
BA2718	0.0331092285508291	0.0144659641127883
BA2720	0.0045331651045421	0.0096197664483053
BA2721	0.0158417447728911	0.0124010253489034
BA2722	0.0155623648161499	0.0113471945314725
BA2723	0.0153586878154289	0.013440615209342
BA2724	0.008516582552271	0.0068000569638279
BA2726	0.008866258111031	0.0079222443748219
BA2727	0.0105082912761355	0.014303617203076
BA2728	0.0145583994232155	0.0128125890059812
BA2731	0.0071449170872386	0.0047308459128453
BA2733	0.006016582552271	0.0068413557391056
BA2735	0.0094772891131939	0.0099686698946169
BA2737	0.0095133381398702	0.0063742523497579
BA2742	0.0109138428262436	0.0089191113642836
BA2744	0.0048918529199711	0.0032156080888635
BA2746	0.0107534246575342	0.0089290800341782
BA2747	0.0102829848594087	0.008385075477072
BA2748	0.0250684931506849	0.0149743662774138
BA2751	0.0057804614275414	0.0099971518086015
BA2756	0.015416366258111	0.0084861862717174
BA2758	0.0097909156452775	0.0125932782682996
BA2760	0.0199783705839942	0.0115280546852748
BA2762	0.0134895457822638	0.0095371688977499
BA2764	0.0110994953136265	0.0103973227000854
BA2765	0.0068673395818312	0.0086086585018513
BA2769	0.0132498197548666	0.0104827684420393
BA2772	0.0075180245133381	0.0066191968100256
BA2775	0.0131074260994953	0.012823981771575
BA2776	0.0300306416726748	0.013686983765309
BA2778	0.0114708002883922	0.0061819994303617
BA2782	0.0080569574621485	0.0096624893192822
BA2786	0.0120547945205479	0.0089119908857875
BA2787	0.0031254506128334	0.0043790942751352
BA2789	0.026472602739726	0.0136770150954144
BA2791	0.0192880317231434	0.0100811734548561
BA2792	0.0083723864455659	0.0067786955283395
BA2798	0.019176279740447	0.0152620336086585
BA2801	0.005706560922855	0.0080675021361435
BA2802	0.0085291997116077	0.0136371404158359
BA2804	0.0094412400865176	0.0071176303047564
BA2806	0.0151315789473684	0.0103289661065223
BA2808	0.006452775775054	0.0101538023355169
BA2809	0.0128298485940879	0.016135004272287
BA2811	0.0167159336697909	0.0113671318712617
BA2812	0.006986301369863	0.0085602392480774
BA2813	0.0101748377793799	0.0071731700370264
BA2814	0.012141312184571	0.006905440045571
BA2816	0.0128983417447728	0.0126730276274565
BA2817	0.0133705839942321	0.0203674166904015
BA2820	0.0195241528478731	0.0101936770150954
BA2821	0.0274477289113193	0.018255482768442
BA2822	0.0146539293439077	0.0127670179436058
BA2824	0.0203262436914203	0.0127826829962973
BA2828	0.0093727469358327	0.0081287382512104
BA2829	0.0157137707281903	0.013459128453432
BA2830	0.0076910598413842	0.0082398177157504
BA2832	0.0145367700072098	0.0129820563941896
BA2836	0.0119899062725306	0.0094673882084876
BA2837	0.0134246575342465	0.009599829108516
BA2839	0.0310886806056236	0.0151965252064938
BA2840	0.0080533525594808	0.013570207917972
BA2841	0.0249585436193222	0.0143563087439475
BA2842	0.0069790915645277	0.0079606949587012
BA2843	0.0125991348233597	0.0152235830247792
BA2844	0.0165176640230713	0.0122543434918826
BA2846	0.0267069214131218	0.011664767872401
BA2850	0.0103568853640951	0.0104542865280546
BA2851	0.0235832732516222	0.0155568214183993
BA2852	0.0104434030281182	0.0178524636855596
BA2855	0.0142087238644556	0.0102207348333808
BA2856	0.0061751982696467	0.0096653375106807
BA2858	0.0095602018745493	0.0083252634577043
BA2860	0.0067519826964671	0.0039974366277413
BA2861	0.0149585436193222	0.0087638849330675
BA2865	0.0138139870223503	0.0103303902022215
BA2866	0.0177505407354001	0.0156322984904585
BA2867	0.0181416726748377	0.0163115921389917
BA2868	0.022945205479452	0.0134634007405297
BA2870	0.0288085796683489	0.0143121617772714
BA2871	0.0117988464311463	0.0069097123326687
BA2872	0.011559120403749	0.0093264027342637
BA2876	0.0157948810382119	0.0148405012816861
BA2879	0.0138914924297043	0.0139618342352606
BA2880	0.0088518385003604	0.0084648248362289
BA2882	0.0111085075702956	0.0099487325548276
BA2883	0.0226189617880317	0.0182711478211335
BA2885	0.0144754866618601	0.0103417829678154
BA2887	0.0185832732516222	0.0125434349188265
BA2889	0.0001099495313626	0.0002606095129592
BA2893	0.0105371304974765	0.0094275135289091
BA2901	0.0094160057678442	0.0054913130162346
BA2902	0.0132930785868781	0.0082383936200512
BA2903	0.0040879596250901	0.0045955568214184
BA2904	0.0122098053352559	0.0138607234406152
BA2905	0.0205587599134823	0.0130603816576473
BA2906	0.0187761355443403	0.0114354884648248
BA2908	0.0214978370583994	0.0140672173170037
BA2909	0.0079055515501081	0.0090316149245229
BA2910	0.0172152126892573	0.0099159783537453
BA2911	0.0161535688536409	0.0133622899458843
BA2914	0.0139798125450612	0.0094688123041868
BA2915	0.0079091564527757	0.0061050982626032
BA2921	0.0102000720980533	0.0067587581885502
BA2922	0.017528839221341	0.015105383081743
BA2923	0.0063229992790194	0.0043577328396468
BA2926	0.0152487382840663	0.0109712332668755
BA2928	0.0180551550108147	0.0079478780974081
BA2930	0.0134913482335976	0.0141754485901452
BA2932	0.0167591925018024	0.0125548276844203
BA2934	0.0065338860850757	0.0118157220165195
BA2935	0.0084967555875991	0.0076801481059527
BA2937	0.0097638788752703	0.0087126174878951
BA2939	0.0099242970439798	0.0078154371973796
BA2944	0.020232516222062	0.0193563087439475
BA2947	0.0107516222062004	0.0126003987467957
BA2948	0.0091474405191059	0.012694389062945
BA2950	0.0101117519826964	0.0146639134149814
BA2951	0.0080299206921413	0.0081970948447735
BA2952	0.0254001441961067	0.013051837083452
BA2953	0.0064059120403749	0.007620336086585
BA2955	0.0074098774333093	0.0076986613500427
BA2956	0.0048413842826243	0.00561093705497
BA2962	0.0184571016582552	0.0086371404158359
BA2970	0.0105118961788031	0.0098874964397607
BA2972	0.0217393655371304	0.0122358302477926
BA2976	0.0060994953136265	0.0112745656508117
BA2978	0.0098107426099495	0.0103375106807177
BA2981	0.0137527036770007	0.0067786955283395
BA2984	0.0127253064167267	0.0110751922529193
BA2986	0.0124855803893294	0.0172500712047849
BA2989	0.018972602739726	0.0206479635431501
BA2992	0.0137328767123287	0.0117872401025348
BA2993	0.0062509012256669	0.0069410424380518
BA2994	0.0163446286950252	0.0092138991740244
BA2995	0.0128929343907714	0.0236285958416405
BA2999	0.0155875991348233	0.0125704927371119
BA3001	0.0230966113914924	0.0116391341498148
BA3002	0.0170007209805335	0.0114027342637425
BA3004	0.0253803172314347	0.016622045001424
BA3006	0.0083777937995674	0.0085773283964682
BA3008	0.0010868781542898	0.0013486186271717
BA3009	0.0132912761355443	0.0147507832526345
BA3010	0.0096232876712328	0.008329535744802
BA3011	0.0240374909877433	0.0109925947023639
BA3013	0.0143240807498197	0.0088279692395328
BA3023	0.0165969718817591	0.0086001139276559
BA3025	0.0182480173035328	0.0104784961549416
BA3027	0.0054902667627974	0.0119866135004272
BA3029	0.0092357606344628	0.0069851894047279
BA3030	0.0145746214852198	0.0120364568499003
BA3037	0.0189149242970439	0.0124836228994588
BA3038	0.0169196106705118	0.0128667046425519
BA3040	0.0160490266762797	0.0115081173454856
BA3042	0.0222819033886085	0.0132754201082312
BA3043	0.0070421773612112	0.0076274565650811
BA3049	0.0035255948089401	0.0043933352321275
BA3051	0.0110310021629416	0.0097863856451153
BA3053	0.0164708002883922	0.0136371404158359
BA3064	0.0178640951694304	0.010838792366847
BA3067	0.0239329488103821	0.0157334092851039
BA3068	0.0234066330209084	0.0164611221874109
BA3070	0.0086355443403028	0.0090843064653944
BA3071	0.0194971160778659	0.0153745371688977
BA3072	0.021346431146359	0.0138849330675021
BA3075	0.0129073540014419	0.0076815722016519
BA3076	0.0033759913482335	0.0031600683565935
BA3077	0.0144196106705118	0.0097550555397322
BA2040	0.0086806056236481	0.0103531757334092
BA2160	0.0166672674837779	0.0127926516661919
BA2303	0.0109228550829127	0.01024067217317
BA2353	0.0162563085796683	0.0167074907433779
BA2516	0.0162851478010093	0.0139960125320421
BA2590	0.0327685652487382	0.0138820848761036
BA2647	0.0120223503965392	0.0157106237539162
BA2891	0.009543979812545	0.0094403303902022
BA2924	0.0133219178082191	0.0104927371119339
BA2971	0.0093204758471521	0.0129421817146112
BA3036	0.0145259552992069	0.0119524352036456
BA3059	0.015571377072819	0.0108003417829678
BA3073	0.0136878154289834	0.0082583309598405
BA3078	0.0171070656092285	0.0167131871261748
BA3079	0.0097873107426099	0.0129222443748219
BA3083	0.0143294881038211	0.0131472514953004
BA3084	0.0100558759913482	0.0097436627741384
BA3085	0.0095872386445565	0.0132697237254343
BA3087	0.0460724585436193	0.0218456280262033
BA3089	0.0248864455659697	0.0135431500996866
BA3094	0.0194214131218457	0.0108245514098547
BA3095	0.0163680605623648	0.0143449159783537
BA3098	0.0141834895457822	0.0109598405012816
BA3099	0.0234228550829127	0.0194588436342922
BA3103	0.0260598413842826	0.0108302477926516
BA3108	0.0228857245854361	0.0167160353175733
BA3109	0.0128082191780821	0.0117872401025348
BA3110	0.0175684931506849	0.0179336371404158
BA3114	0.0120421773612112	0.0123056109370549
BA3116	0.0108183129055515	0.0064240956992309
BA3117	0.030697548666186	0.0203204215323269
BA3118	0.0119214131218457	0.0096781543719737
BA3119	0.0342880317231434	0.0178339504414696
BA3123	0.0154091564527757	0.0134277983480489
BA3124	0.0086968276856524	0.017318427798348
BA3126	0.0155641672674837	0.008009114212475
BA3128	0.0190338860850757	0.0110096838507547
BA3130	0.0098792357606344	0.0102250071204784
BA3133	0.0151586157173756	0.017114782113358
BA3135	0.0262274693583273	0.0122643121617772
BA3136	0.015542537851478	0.0143491882654514
BA3137	0.0138572458543619	0.0109626886926801
BA3138	0.0158543619322278	0.0135317573340928
BA3139	0.0150522710886806	0.0220008544574195
BA3141	0.0224477289113193	0.0157747080603816
BA3142	0.0263806777217015	0.025727712902307
BA3145	0.0116618601297764	0.0141612076331529
BA3146	0.0169232155731795	0.0106522358302477
BA3149	0.0144826964671953	0.0130532611791512
BA3152	0.0138248017303532	0.0142822557675875
BA3153	0.0316888968997837	0.0232141839931643
BA3154	0.0201856524873828	0.0152890914269438
BA3156	0.0050630857966834	0.0180945599544289
BA3157	0.0243006488824801	0.0117260039874679
BA3158	0.015192862292718	0.0113101680432925
BA3162	0.0246665465032444	0.0118897749928795
BA3163	0.0108471521268925	0.0092822557675875
BA3164	0.0192736121124729	0.0186428367986328
BA3167	0.0217844268204758	0.0090159498718313
BA3169	0.0142862292718096	0.0086228994588436
BA3171	0.0217898341744772	0.0176872685844488
BA3173	0.0176514059120403	0.0153617203076046
BA3174	0.0074242970439798	0.0141996582170321
BA3175	0.0070782263878875	0.0088564511535175
BA3176	0.0175648882480173	0.0141028197094844
BA3177	0.0181578947368421	0.0147194531472514
BA3178	0.018866258111031	0.0068256906864141
BA3180	0.0314023071377072	0.0131714611221874
BA3181	0.0079632299927901	0.0082996297351182
BA3182	0.0166888968997837	0.0151153517516377
BA3183	0.0248089401586157	0.0155553973227
BA3185	0.0126496034607065	0.0235659356308743
BA3186	0.0253749098774333	0.0252705781828538
BA3187	0.0107930785868781	0.011214753631444
BA3189	0.0150558759913482	0.016066647678724
BA3190	0.0103731074260994	0.0134562802620336
BA3191	0.0097116077865897	0.0089305041298775
BA3192	0.016888968997837	0.0113215608088863
BA3194	0.0324909877433309	0.0228837937909427
BA3195	0.0149477289113193	0.0160709199658217
BA3197	0.0242429704397981	0.0113301053830817
BA3199	0.025270367700072	0.0173639988607234
BA3200	0.0230785868781542	0.0148447735687838
BA3202	0.0192880317231434	0.0190501281686129
BA3203	0.0158597692862292	0.0096824266590714
BA3206	0.0162743330930064	0.0155098262603246
BA3207	0.0133020908435472	0.0124565650811734
BA3208	0.0090915645277577	0.0127371119339219
BA3210	0.0217123287671232	0.0214041583594417
BA3211	0.0179812545061283	0.0065736257476502
BA3212	0.0332281903388608	0.024864710908573
BA3213	0.0166149963950973	0.012898034747935
BA3214	0.009592645998558	0.0150911421247507
BA3216	0.0157137707281903	0.0115309028766733
BA3217	0.0261878154289834	0.0087126174878951
BA3219	0.0107354001441961	0.011097977784107
BA3221	0.0088698630136986	0.013070350327542
BA3222	0.0215771449170872	0.0160395898604386
BA3225	0.0116240086517664	0.0113358017658786
BA3226	0.0166204037490987	0.0119866135004272
BA3227	0.0285291997116077	0.0170065508402164
BA3228	0.0207173756308579	0.0207234406152093
BA3229	0.0180821917808219	0.0170179436058103
BA3230	0.0169899062725306	0.0120891483907718
BA3232	0.0152343186733958	0.0109854742238678
BA3234	0.0154217736121124	0.012546283110225
BA3235	0.0098558038932948	0.0073939048704072
BA3237	0.013042537851478	0.009864710908573
BA3240	0.0435886806056236	0.0198846482483622
BA3242	0.0128731074260994	0.0107006550840216
BA3243	0.0143330930064888	0.0136186271717459
BA3245	0.0212076423936553	0.0151737396753061
BA3249	0.0218637346791636	0.013120193677015
BA3250	0.0191041816870944	0.0170022785531187
BA3251	0.0130353280461427	0.0091911136428368
BA3255	0.0108309300648882	0.0117331244659641
BA3258	0.0105461427541456	0.0124124181144972
BA3260	0.0103064167267483	0.0128837937909427
BA3261	0.0220511896178803	0.0121190544004557
BA3264	0.029127613554434	0.0203133010538308
BA3266	0.0226856524873828	0.0181686129307889
BA3268	0.0360526315789473	0.0234505838792366
BA3269	0.0187328767123287	0.0122272856735972
BA3270	0.0144881038211968	0.0157419538592993
BA3271	0.02060021629416	0.0155069780689262
BA3273	0.0321178803172314	0.0142210196525206
BA3275	0.028923936553713	0.015857305610937
BA3277	0.0209318673395818	0.0176630589575619
BA3280	0.020474044700793	0.0110951295927086
BA3283	0.0126387887527036	0.0164169752207348
BA3285	0.0137274693583273	0.0209470236399886
BA3286	0.0178496755587599	0.0118427798348048
BA3289	0.00443763518385	0.0067487895186556
BA3290	0.012072819033886	0.0145015665052691
BA3293	0.0246773612112472	0.0198960410139561
BA3295	0.0183255227108868	0.0133409285103959
BA3296	0.0086697909156452	0.0123027627456565
BA3297	0.029592645998558	0.0192566220450014
BA3299	0.0119646719538572	0.0102420962688692
BA3300	0.0211211247296323	0.0155084021646254
BA3302	0.0303640951694304	0.0231273141555112
BA3305	0.0147007930785868	0.0120179436058103
BA3306	0.0206741167988464	0.0095585303332383
BA3308	0.0207624369142033	0.0158544574195385
BA3310	0.0220061283345349	0.011048134434634
BA3311	0.0114113193943763	0.0133266875534035
BA3312	0.0251261715933669	0.0172571916832811
BA3315	0.0143006488824801	0.0204756479635431
BA3317	0.0217303532804614	0.0146966676160638
BA3318	0.0297746935832732	0.0126516661919681
BA3319	0.0158723864455659	0.0135986898319567
BA3322	0.0114095169430425	0.0170521219025918
BA3324	0.0199585436193222	0.0195798917687268
BA3325	0.008613914924297	0.0100811734548561
BA3326	0.0136049026676279	0.0095229279407576
BA3328	0.0238320115356885	0.0158914839077186
BA3329	0.0240699351117519	0.0238194246653375
BA3332	0.0214257390050468	0.0190401594987183
BA3333	0.0258345349675558	0.0191839931643406
BA3334	0.0063284066330209	0.0101651951011107
BA3335	0.0219340302811824	0.0141612076331529
BA3339	0.0081434751261715	0.022146112218741
BA3341	0.0315843547224224	0.0118712617487895
BA3345	0.0086535688536409	0.0141583594417544
BA3347	0.0091204037490987	0.0084762176018228
BA3351	0.02288752703677	0.0200526915408715
BA3352	0.0120475847152126	0.0087681572201651
BA3353	0.0246917808219178	0.0190002848191398
BA3357	0.0200486661860129	0.0166405582455141
BA3362	0.0155894015861571	0.0123283964682426
BA3367	0.0081957462148521	0.0099088578752492
BA3369	0.0196160778658976	0.0143548846482483
BA3371	0.0122458543619322	0.012614639703788
BA3373	0.0306218457101658	0.0258330959840501
BA3374	0.0103550829127613	0.0052905155226431
BA3375	0.0152433309300648	0.0097223013386499
BA3376	0.0162545061283345	0.0132853887781258
BA3379	0.0181542898341744	0.0169438906294503
BA3380	0.0142591925018024	0.0093563087439475
BA3381	0.0167501802451333	0.015875818855027
BA3384	0.0072999279019466	0.0102150384505838
BA3385	0.0116690699351117	0.0110723440615209
BA3386	0.0239509733237202	0.0163457704357732
BA3388	0.0093096611391492	0.0087140415835944
BA3390	0.0079866618601297	0.0092395328966106
BA3394	0.0117916366258111	0.0134078610082597
BA3395	0.0144935111751982	0.0100825975505553
BA3397	0.0168493150684931	0.0226317288521788
BA3399	0.0047422494592646	0.0077413842210196
BA3400	0.0321106705118961	0.0189418968954713
BA3403	0.0235742609949531	0.0149060096838507
BA3405	0.0131092285508291	0.0121632013671318
BA3406	0.0152865897620764	0.0137154656792936
BA3407	0.0167718096611391	0.0121831387069211
BA3408	0.0113987022350396	0.0265394474508687
BA3410	0.015310021629416	0.0108957561948162
BA3411	0.0167411679884643	0.0124394759327826
BA3412	0.0209841384282624	0.0134448874964397
BA3413	0.0226099495313626	0.0132198803759612
BA3415	0.0468709444844989	0.0183708345200797
BA3416	0.0243979812545061	0.012996297351182
BA3417	0.0155136986301369	0.0156465394474508
BA3418	0.0136211247296322	0.0201025348903446
BA3421	0.0068943763518385	0.0065337510680717
BA3422	0.025726387887527	0.0184690971233266
BA3423	0.0239113193943763	0.015579606949587
BA3427	0.0089401586157173	0.0189618342352606
BA3430	0.0045998558038932	0.0059982910851609
BA3431	0.0114131218457101	0.0074252349757903
BA3433	0.0253460706560922	0.0149601253204215
BA3434	0.0106434751261715	0.0145101110794645
BA3435	0.0162527036770007	0.0154158359441754
BA3436	0.0194935111751982	0.0146681857020791
BA3438	0.026249098774333	0.0074038735403019
BA3445	0.0117375630857966	0.0121931073768157
BA3446	0.0113987022350396	0.0122984904585588
BA3447	0.0030984138428262	0.0042580461407006
BA3448	0.0086860129776496	0.0129578467673027
BA3449	0.0130155010814708	0.0116946738820848
BA3450	0.0171034607065609	0.015764739390487
BA3451	0.0128244412400865	0.0093919111364283
BA3452	0.0115663302090843	0.0162190259185417
BA3453	0.0135562364816149	0.0104357732839646
BA3454	0.0264077144917087	0.0177029336371404
