	ABL1	SMC3
BA2000	0.0146845710165825	3.3150187718664466
BA2003	0.0095313626532083	1.416818477495968
BA2004	0.0112418889689978	2.3965693350539183
BA2006	0.0060003604902667	1.056847419143342
BA2011	0.0100919250180245	0.8838373684291491
BA2019	0.0196629416005767	4.0231699819557045
BA2020	0.0263392213410237	5.702337518997182
BA2022	0.0168979812545061	3.433978102200529
BA2023	0.0098017303532804	1.0332794593391743
BA2024	0.0110868781542898	2.4219203833672136
BA2025	0.0185724585436193	2.5270442705364453
BA2031	0.0146377072819033	1.9581540294842268
BA2032	0.0132462148521989	1.3277882799531335
BA2033	0.0081723143475126	2.286677662516808
BA2034	0.0197494592645998	2.2441748181542547
BA2035	0.0183687815428983	1.6766665144799655
BA2036	0.0147530641672674	2.226348268589931
BA2037	0.0234264599855803	4.001305046235747
BA2041	0.01598774333093	2.1260721309749653
BA2044	0.0127793799567411	2.815013655236967
BA2046	0.0203460706560922	3.5876128216064944
BA2047	0.0213968997837058	2.556768271249904
BA2050	0.0107462148521989	1.1324331533770275
BA2051	0.0223882480173035	1.5759132526719422
BA2052	0.013585075702956	2.1775616669795945
BA2053	0.0078983417447728	1.3008910673298952
BA2054	0.0082660418168709	2.058862325905676
BA2055	0.0044250180245133	0.5510118639541347
BA2063	0.033361571737563	1.8498998808393323
BA2065	0.0192790194664744	2.202648426844058
BA2066	0.0210976928622927	3.922272500260468
BA2068	0.0152397260273972	0.6263324496848
BA2069	0.0120782263878875	2.514331978557112
BA2072	0.0101243691420331	1.5725068974625476
BA2079	0.0053911319394376	1.0635013271097902
BA2080	0.0201568132660418	1.8344103599839607
BA2081	0.012382840663302	1.7300151053173558
BA2082	0.0226405912040374	2.562473996602121
BA2087	0.0131452775775054	1.4154801024781172
BA2088	0.016995313626532	2.82377799723316
BA2089	0.0200973323720259	5.218077724922779
BA2093	0.0109012256669069	2.8678024351446605
BA2094	0.0125342465753424	2.823282210690361
BA2095	0.0175198269646719	2.5554522403760265
BA2096	0.0067429704397981	1.8780359332598795
BA2097	0.0227577505407354	2.9077821134687665
BA2098	0.012664023071377	1.4194957032274695
BA2100	0.0066240086517664	1.3929523652555964
BA2101	0.0096467195385724	1.263344263915381
BA2104	0.0069358327325162	0.9511889777623114
BA2106	0.0121449170872386	1.6893663360445064
BA2109	0.0096160778658976	1.2991781069402866
BA2110	0.005677721701514	1.006444588570419
BA2113	0.0232191780821917	4.465431345181407
BA2116	0.0132804614275414	3.0461244603486635
BA2121	0.0142231434751261	2.4785996472211047
BA2122	0.0042213410237923	1.1306823264221917
BA2123	0.0203028118240807	3.1782287684592805
BA2124	0.0179434030281182	2.033744036558366
BA2125	0.0150955299206921	3.465970346615355
BA2132	0.0178821196827685	2.233729654112849
BA2133	0.0063211968276856	1.1861260305849848
BA2134	0.0074351117519826	0.9816864403888884
BA2135	0.0098558038932948	1.0643469802411418
BA2139	0.0064852198990627	1.0507744990239705
BA2143	0.0127180966113914	2.7157132412598206
BA2148	0.0149242970439798	0.563497413121642
BA2153	0.0082390050468637	2.5361067171095435
BA2155	0.012382840663302	1.0017056270187508
BA2156	0.0208399423215573	2.276931502603255
BA2162	0.0132804614275414	1.786441448255179
BA2163	0.0161968276856524	2.3438108921724883
BA2168	0.0087941600576784	0.8694230319650694
BA2169	0.0112076423936553	1.7364676892947142
BA2171	0.0253118240807498	3.0288831752232546
BA2172	0.0166528478731074	2.040679288166669
BA2174	0.0147224224945926	2.877562912089566
BA2175	0.019388968997837	3.934754213004036
BA2184	0.046326604181687	6.254856572216261
BA2195	0.0100342465753424	1.704415172897398
BA2198	0.0141474405191059	2.8376787542526696
BA2200	0.0183453496755587	4.190520709824379
BA2201	0.0077883922134102	1.3281466767504375
BA2209	0.0153947368421052	2.2805428047958363
BA2211	0.0313320115356885	2.2090287437587004
BA2212	0.0161824080749819	1.5439763761481975
BA2217	0.0262707281903388	2.713860275718273
BA2218	0.0069124008651766	0.7073886545765976
BA2220	0.0089419610670511	2.479037331498026
BA2221	0.0084661139149242	1.584983354139158
BA2224	0.0088914924297043	2.1410817187644016
BA2226	0.0220944484498918	4.827990401075094
BA2227	0.0209408795962509	2.5902023933686613
BA2228	0.0196377072819033	3.956914998673384
BA2229	0.0153713049747656	1.864494362043761
BA2233	0.0236860129776496	0.9930477671566504
BA2234	0.0152505407354001	4.239770676619824
BA2235	0.0130641672674837	2.1816898729259955
BA2236	0.018817591925018	1.9426435760683316
BA2239	0.0091726748377793	1.4503685363054315
BA2240	0.0207876712328767	4.072291132537241
BA2242	0.0155587599134823	1.7130333957882529
BA2244	0.0166348233597692	2.7007312385511644
BA2245	0.0197404470079307	2.614416534392874
BA2248	0.00905010814708	0.8049207724713443
BA2249	0.012557678442682	2.602205275965573
BA2251	0.0230894015861571	2.560438993999428
BA2256	0.0136391492429704	2.487855671853356
BA2260	0.0076297764960346	1.1781777868729948
BA2261	0.0063482335976928	1.3311283094629305
BA2269	0.006685291997116	0.8459195515004446
BA2271	0.0136319394376351	3.069149614874101
BA2272	0.01	2.077966241419913
BA2273	0.0184607065609228	1.7335916812625218
BA2275	0.0184697188175919	7.418731302995177
BA2276	0.0092519826964671	1.8143203720726104
BA2277	0.0193421052631578	2.818047742228423
BA2280	0.0273449891852919	4.444777645528837
BA2281	0.0179271809661139	2.2989574116688645
BA2282	0.0063031723143475	1.3741268592291436
BA2286	0.0208507570295602	1.8250522534145173
BA2288	0.0124134823359769	1.649450100361931
BA2292	0.0175486661860129	3.794839874950352
BA2294	0.0140573179524152	1.9233552400759368
BA2296	0.0239365537130497	2.8288304779089515
BA2300	0.0072584715212689	5.097382489173824
BA2301	0.0100739005046863	1.40576704857372
BA2302	0.0157948810382119	1.615989492978879
BA2304	0.0063734679163662	1.0283334827250663
BA2306	0.0136121124729632	1.7578138919355573
BA2308	0.0117321557317952	1.63469915496281
BA2309	0.0130984138428262	2.4997195202702125
BA2311	0.0107876712328767	1.222068637479954
BA2312	0.009127613554434	1.3789965240124635
BA2316	0.0084282624369142	1.5904858119080811
BA2322	0.0178568853640951	2.0838939751631465
BA2325	0.0081506849315068	0.8413011175808077
BA2329	0.0087815428983417	1.4372186373469618
BA2334	0.0099639509733237	0.7254946785002033
BA2339	0.0048882480173035	1.4302089005771752
BA2344	0.0139077144917087	1.8503149338714855
BA2347	0.0055064888248017	1.2072367209873247
BA2348	0.0043727469358327	0.612818773515522
BA2350	0.0045818312905551	0.5951377744595661
BA2354	0.0157534246575342	2.913596088313512
BA2355	0.0216312184571016	2.8546155189572584
BA2357	0.0130569574621485	1.8112049805919703
BA2360	0.0196322999279019	2.404270891801303
BA2361	0.0122873107426099	1.7816081307430442
BA2363	0.0046250901225666	0.6797715559771113
BA2369	0.0189221341023792	1.3693882449305617
BA2374	0.0208489545782263	2.874890061701579
BA2375	0.0116131939437635	2.079875505976536
BA2376	0.0086265320836337	1.74062335559354
BA2377	0.0481254506128334	3.4767477970246614
BA2379	0.0132227829848594	1.662693364060978
BA2385	0.0062310742609949	1.6416017404450312
BA2386	0.0189491708723864	1.9738798668018136
BA2387	0.0169881038211968	1.7994515007766971
BA2394	0.0097242249459264	3.0118607332074743
BA2399	0.0148125450612833	1.558906494449289
BA2400	0.0313842826243691	3.5083230205581977
BA2402	0.0125630857966834	1.7879515925115124
BA2405	0.0074134823359769	0.8324799762040888
BA2406	0.0122512617159336	1.44899436060988
BA2409	0.0120385724585436	1.5367925354248195
BA2410	0.0260958904109589	1.6791159889825993
BA2412	0.0044754866618601	1.038006930841429
BA2413	0.0136788031723143	1.4436322406685482
BA2414	0.0243258832011535	3.8884020848690857
BA2415	0.0047260273972602	1.8456469587769044
BA2417	0.0171773612112472	1.419815057415898
BA2418	0.0077685652487382	0.5887164212922241
BA2420	0.0105136986301369	2.042788010861927
BA2421	0.0181596971881759	3.6544575006602216
BA2423	0.0107894736842105	1.0989154002036317
BA2425	0.0087941600576784	2.025737865846527
BA2426	0.0100558759913482	1.8236173342012945
BA2427	0.0086571737563085	1.1260477431293632
BA2429	0.0106452775775054	1.733522971867255
BA2440	0.01405010814708	3.082923564971363
BA2441	0.0184354722422494	4.550656829320588
BA2442	0.0116095890410958	2.4790182036465587
BA2446	0.0115392934390771	2.486377376512663
BA2449	0.0213698630136986	3.9123375876857502
BA2450	0.0162040374909877	1.7685503692824602
BA2452	0.0252541456380677	2.9489257716654538
BA2454	0.0121611391492429	3.352801555026271
BA2455	0.0087148521989906	1.1034210540288047
BA2456	0.0047837058399423	1.314227078326098
BA2459	0.0067934390771449	1.0701052169948473
BA2461	0.0103262436914203	2.652341799457602
BA2463	0.0140356885364095	2.870785092802993
BA2464	0.0198936553713049	1.8612698354303223
BA2469	0.0165843547224224	0.9347664630705582
BA2470	0.0112599134823359	1.9287647018523923
BA2472	0.0163428262436914	1.6745341744633924
BA2473	0.0219412400865176	3.0477117327903485
BA2474	0.0123521989906272	1.969334151514249
BA2477	0.025086517664023	4.378719416243741
BA2479	0.0077253064167267	1.389789015196396
BA2480	0.023895097332372	1.8899354474654744
BA2481	0.0052072819033886	0.9645934273632606
BA2482	0.0118006488824801	2.345387397431764
BA2483	0.0151604181687094	2.540455553285458
BA2485	0.0216672674837779	1.882589027142917
BA2488	0.0136697909156452	2.0870030063598057
BA2489	0.0131038211968276	1.2419316426671536
BA2492	0.007577505407354	2.102045279572246
BA2494	0.0152487382840663	2.0031098321426426
BA2496	0.0059769286229271	1.3078484316533816
BA2497	0.0092682047584715	1.7206296459303216
BA2499	0.0128262436914203	1.3319813822430249
BA2500	0.0246304974765681	3.8493081386212062
BA2501	0.0150558759913482	2.786783394819409
BA2502	0.0097837058399423	1.8026347921878587
BA2505	0.0148648161499639	1.05314758520532
BA2507	0.0108904109589041	1.3667062414933009
BA2510	0.016472602739726	1.313492513088687
BA2511	0.0059480894015861	0.7882027754066375
BA2512	0.0125036049026676	2.9238902443801247
BA2514	0.0112743330930064	1.805311873259466
BA2515	0.0118655371304974	1.6247954000510667
BA2520	0.0036265320836337	1.2196706233191343
BA2521	0.0162959625090122	2.7539316822159634
BA2523	0.0194394376351838	2.5901151392927235
BA2524	0.0125360490266762	1.1714530201361937
BA2525	0.0119700793078586	1.7763632784365189
BA2526	0.0263968997837058	1.7695618154415775
BA2528	0.0154992790194664	2.718730320305916
BA2532	0.0165176640230713	2.2609910731580123
BA2534	0.0232516222062004	2.0613836331664017
BA2538	0.012586517664023	2.0169393180903463
BA2539	0.0068961788031723	2.709823865502351
BA2540	0.0125937274693583	0.9499357231522844
BA2541	0.0059012256669069	1.5751143407142771
BA2545	0.0118186733958183	3.16320536164948
BA2546	0.0096431146359048	1.8453431646440963
BA2552	0.0384967555875991	1.7893025470516104
BA2559	0.014059120403749	1.6615529034033605
BA2561	0.0080064888248017	1.1496947182984016
BA2563	0.0161067051189617	2.4306717557508546
BA2564	0.0097710886806056	1.8754281099633177
BA2567	0.0041636625811103	0.990137782178459
BA2570	0.0145692141312184	2.652454544407761
BA2575	0.0071935832732516	1.2370908674955
BA2577	0.0213626532083633	3.705727818290487
BA2579	0.0098648161499639	2.205504528100692
BA2583	0.0164635904830569	2.061998477645168
BA2584	0.0166005767844268	1.8253475239196757
BA2587	0.0186751982696467	3.574876430347643
BA2588	0.0140032444124008	1.9405878817302613
BA2589	0.0179704397981254	1.2229498769086946
BA2592	0.0183543619322278	3.339800749908145
BA2593	0.0048125450612833	0.4860893329097235
BA2594	0.0085021629416005	2.119135920897369
BA2595	0.0101045421773612	1.9686800450889244
BA2597	0.0188248017303532	0.6845678232874312
BA2600	0.011598774333093	1.2053859687111452
BA2603	0.0146557317952415	2.574065117017015
BA2618	0.0207354001441961	3.270483612722494
BA2619	0.0106759192501802	1.4203051293650275
BA2620	0.0146971881759192	2.400900114204892
BA2621	0.009030281182408	1.230768495867162
BA2622	0.0153731074260994	1.9044302544185905
BA2623	0.0129217736121124	4.210295149891061
BA2629	0.0102992069214131	2.602214470384204
BA2631	0.0144736842105263	1.934691469340473
BA2634	0.0064221341023792	0.682738001528556
BA2636	0.008720259552992	1.6763952455224806
BA2639	0.0137959625090122	3.125269954249365
BA2644	0.0111986301369863	1.7107571124884613
BA2645	0.0217844268204758	0.913836204405603
BA2646	0.0225540735400144	2.491963008223836
BA2649	0.0211121124729632	2.340836660993684
BA2651	0.007761355443403	0.8180248806417247
BA2653	0.0130948089401586	1.2497913017527102
BA2655	0.0299783705839942	6.395748573434928
BA2656	0.0079307858687815	0.429329729631748
BA2657	0.0115537130497476	2.2037259880847864
BA2658	0.0126622206200432	2.218859591790945
BA2659	0.0140519105984138	2.415658189357893
BA2660	0.0080857966834895	1.6728665693198987
BA2662	0.0143330930064888	3.840854166380231
BA2663	0.0116925018024513	0.9863767977352906
BA2667	0.0136445565969718	1.961769294656601
BA2670	0.0059354722422494	1.449040070768578
BA2674	0.0104379956741167	2.2282036616934167
BA2675	0.0151568132660418	2.238770374915165
BA2676	0.0147981254506128	2.469769915571527
BA2677	0.0095962509012256	1.4684360170002726
BA2681	0.0056380677721701	1.9213783263159363
BA2682	0.012732516222062	1.2384111465397087
BA2685	0.0221935832732516	2.185240480933538
BA2688	0.0081380677721701	1.717711850270211
BA2691	0.0082858687815428	1.903172405724154
BA2694	0.0088482335976928	1.010411839810889
BA2695	0.0070007209805335	1.252378696111417
BA2697	0.0056218457101658	0.6414407459500427
BA2701	0.009388968997837	0.6534176005982214
BA2704	0.0232498197548666	2.72986347683934
BA2705	0.0289185291997116	1.4324285701292137
BA2707	0.0052000720980533	2.274505116400449
BA2709	0.008352559480894	1.1334603301813235
BA2712	0.0131182408074981	1.8862456359240785
BA2714	0.0148071377072819	2.445589991840869
BA2715	0.0302505407354001	1.0166563454066384
BA2718	0.0331092285508291	2.638556813964263
BA2720	0.0045331651045421	1.7444464943542386
BA2721	0.0158417447728911	2.489860708758284
BA2722	0.0155623648161499	3.669270338935066
BA2723	0.0153586878154289	1.9963785541153152
BA2724	0.008516582552271	1.1131118923324506
BA2726	0.008866258111031	0.6610990651013596
BA2727	0.0105082912761355	1.9571604530741515
BA2728	0.0145583994232155	2.3174474184455933
BA2731	0.0071449170872386	0.4886622102106901
BA2733	0.006016582552271	0.8571549684450858
BA2735	0.0094772891131939	1.9150225065240427
BA2737	0.0095133381398702	1.0127405214897178
BA2742	0.0109138428262436	2.2853051378847904
BA2744	0.0048918529199711	0.4934983056163895
BA2746	0.0107534246575342	1.6507859019838425
BA2747	0.0102829848594087	1.5662178339482091
BA2748	0.0250684931506849	3.1470675241881136
BA2751	0.0057804614275414	1.897342285182304
BA2756	0.015416366258111	1.7659795285214548
BA2758	0.0097909156452775	1.320732864777889
BA2760	0.0199783705839942	2.369398913885194
BA2762	0.0134895457822638	1.373944013297426
BA2764	0.0110994953136265	2.391824458733437
BA2765	0.0068673395818312	2.292331627840077
BA2769	0.0132498197548666	1.4451152768124649
BA2772	0.0075180245133381	1.4365497716155733
BA2775	0.0131074260994953	2.1340481554310826
BA2776	0.0300306416726748	3.913936481917156
BA2778	0.0114708002883922	0.8727302776771976
BA2782	0.0080569574621485	2.058533666180397
BA2786	0.0120547945205479	3.598020037247831
BA2787	0.0031254506128334	0.9870638680113424
BA2789	0.026472602739726	2.9627392327193083
BA2791	0.0192880317231434	1.091608135996833
BA2792	0.0083723864455659	2.0114081008043185
BA2798	0.019176279740447	2.245402683085467
BA2801	0.005706560922855	1.0003380448963608
BA2802	0.0085291997116077	3.142282023761721
BA2804	0.0094412400865176	1.350429118648079
BA2806	0.0151315789473684	1.8987841393577665
BA2808	0.006452775775054	1.3925879410450726
BA2809	0.0128298485940879	2.0396770960068173
BA2811	0.0167159336697909	1.9854541491015016
BA2812	0.006986301369863	1.4836752791159304
BA2813	0.0101748377793799	1.2697233366666385
BA2814	0.012141312184571	1.6778742313916049
BA2816	0.0128983417447728	1.4645690340650532
BA2817	0.0133705839942321	2.155856842307289
BA2820	0.0195241528478731	1.963809701178593
BA2821	0.0274477289113193	4.709073109677686
BA2822	0.0146539293439077	3.3990147129241084
BA2824	0.0203262436914203	1.7731766519505727
BA2828	0.0093727469358327	1.4288933063117246
BA2829	0.0157137707281903	3.4905533316403328
BA2830	0.0076910598413842	1.6693666516378831
BA2832	0.0145367700072098	2.333649121279924
BA2836	0.0119899062725306	0.9130008411235546
BA2837	0.0134246575342465	1.5226528525726797
BA2839	0.0310886806056236	2.68097067929012
BA2840	0.0080533525594808	3.826697217466505
BA2841	0.0249585436193222	3.042348862025173
BA2842	0.0069790915645277	1.1331877310556495
BA2843	0.0125991348233597	2.330639474451339
BA2844	0.0165176640230713	1.691191354270358
BA2846	0.0267069214131218	1.6498740661542337
BA2850	0.0103568853640951	1.1078667395919584
BA2851	0.0235832732516222	3.9283928199153006
BA2852	0.0104434030281182	1.7189923239420148
BA2855	0.0142087238644556	1.7518119744358287
BA2856	0.0061751982696467	1.0310556134528122
BA2858	0.0095602018745493	1.858862647884184
BA2860	0.0067519826964671	1.2866107540497642
BA2861	0.0149585436193222	1.5653923260772808
BA2865	0.0138139870223503	1.4825497928426186
BA2866	0.0177505407354001	2.1087761242811203
BA2867	0.0181416726748377	2.564406691523208
BA2868	0.022945205479452	1.8139575847969385
BA2870	0.0288085796683489	4.144486783527438
BA2871	0.0117988464311463	1.9577068793707824
BA2872	0.011559120403749	3.431246773499044
BA2876	0.0157948810382119	1.1864366044115169
BA2879	0.0138914924297043	1.597490421777857
BA2880	0.0088518385003604	2.033758440072417
BA2882	0.0111085075702956	1.4583580991807004
BA2883	0.0226189617880317	3.0304258465096865
BA2885	0.0144754866618601	2.011125342206529
BA2887	0.0185832732516222	4.484384653069131
BA2889	0.0001099495313626	0.0134486736846567
BA2893	0.0105371304974765	1.6521960230919024
BA2901	0.0094160057678442	1.142308263725769
BA2902	0.0132930785868781	1.0637810582003897
BA2903	0.0040879596250901	0.8860185008143611
BA2904	0.0122098053352559	3.153597697124957
BA2905	0.0205587599134823	2.5234536352635693
BA2906	0.0187761355443403	2.6223136108339715
BA2908	0.0214978370583994	2.51040367774048
BA2909	0.0079055515501081	1.401759231925183
BA2910	0.0172152126892573	2.078937321806729
BA2911	0.0161535688536409	2.3221023631328883
BA2914	0.0139798125450612	2.488417451879894
BA2915	0.0079091564527757	0.4759187027120872
BA2921	0.0102000720980533	1.157190567554932
BA2922	0.017528839221341	2.663000142739012
BA2923	0.0063229992790194	0.9824223604652554
BA2926	0.0152487382840663	2.614886358544016
BA2928	0.0180551550108147	2.7191853367422305
BA2930	0.0134913482335976	1.6732497662275505
BA2932	0.0167591925018024	2.286256432312152
BA2934	0.0065338860850757	1.1158614440746428
BA2935	0.0084967555875991	1.185924371985248
BA2937	0.0097638788752703	1.941791965555633
BA2939	0.0099242970439798	1.3140845244877857
BA2944	0.020232516222062	3.811660141357748
BA2947	0.0107516222062004	1.833973333182948
BA2948	0.0091474405191059	2.2904709849858254
BA2950	0.0101117519826964	2.744794360702621
BA2951	0.0080299206921413	1.434401322231764
BA2952	0.0254001441961067	2.627352832443081
BA2953	0.0064059120403749	1.1604594213148192
BA2955	0.0074098774333093	0.9499653184236658
BA2956	0.0048413842826243	0.9671815740041004
BA2962	0.0184571016582552	2.512446321665329
BA2970	0.0105118961788031	1.4730998329494598
BA2972	0.0217393655371304	2.4520515405745376
BA2976	0.0060994953136265	3.354975663806197
BA2978	0.0098107426099495	2.9116106677523312
BA2981	0.0137527036770007	2.4617080808416576
BA2984	0.0127253064167267	1.5209022074898508
BA2986	0.0124855803893294	2.2708914749685727
BA2989	0.018972602739726	2.713373440685068
BA2992	0.0137328767123287	2.644660148476124
BA2993	0.0062509012256669	0.9377433517976862
BA2994	0.0163446286950252	1.6212155172945737
BA2995	0.0128929343907714	1.5606008245538323
BA2999	0.0155875991348233	2.5098870238015323
BA3001	0.0230966113914924	2.281993910731264
BA3002	0.0170007209805335	2.7374955984540787
BA3004	0.0253803172314347	2.2633680472721376
BA3006	0.0083777937995674	1.5211942531525224
BA3008	0.0010868781542898	0.103812067217159
BA3009	0.0132912761355443	2.049719835705853
BA3010	0.0096232876712328	1.688048382951951
BA3011	0.0240374909877433	1.790937522376634
BA3013	0.0143240807498197	2.2629862973382657
BA3023	0.0165969718817591	2.412475131733521
BA3025	0.0182480173035328	1.833029786576266
BA3027	0.0054902667627974	1.101337127730326
BA3029	0.0092357606344628	1.296243830843438
BA3030	0.0145746214852198	3.4260265935763896
BA3037	0.0189149242970439	2.0644875823428137
BA3038	0.0169196106705118	3.5646268782499253
BA3040	0.0160490266762797	3.1312610485146157
BA3042	0.0222819033886085	2.303070395377264
BA3043	0.0070421773612112	1.2300972865802318
BA3049	0.0035255948089401	1.5901861587946786
BA3051	0.0110310021629416	1.2903483379249283
BA3053	0.0164708002883922	2.394997851963419
BA3064	0.0178640951694304	3.126134019056372
BA3067	0.0239329488103821	1.463725317815899
BA3068	0.0234066330209084	2.938401049928299
BA3070	0.0086355443403028	1.395087436556845
BA3071	0.0194971160778659	2.715189080680908
BA3072	0.021346431146359	2.696963478546547
BA3075	0.0129073540014419	1.485509549741952
BA3076	0.0033759913482335	0.5965150936555955
BA3077	0.0144196106705118	1.213355599914841
BA2040	0.0086806056236481	1.699390719552875
BA2160	0.0166672674837779	2.0467723483549656
BA2303	0.0109228550829127	1.915013161158261
BA2353	0.0162563085796683	2.82836944157816
BA2516	0.0162851478010093	2.723592125950606
BA2590	0.0327685652487382	2.349579346530013
BA2647	0.0120223503965392	2.2632514306339764
BA2891	0.009543979812545	0.9317979039882842
BA2924	0.0133219178082191	2.657518938780958
BA2971	0.0093204758471521	1.419046926521787
BA3036	0.0145259552992069	1.5564040806858055
BA3059	0.015571377072819	2.1589737694393287
BA3073	0.0136878154289834	2.709796733838403
BA3078	0.0171070656092285	4.825662736055855
BA3079	0.0097873107426099	1.4794760942486656
BA3083	0.0143294881038211	3.9370880356566538
BA3084	0.0100558759913482	1.9847911624236385
BA3085	0.0095872386445565	1.6576065007841294
BA3087	0.0460724585436193	7.632218323252254
BA3089	0.0248864455659697	2.5505929808950825
BA3094	0.0194214131218457	2.308400495065919
BA3095	0.0163680605623648	1.6810919557150472
BA3098	0.0141834895457822	2.527107677934047
BA3099	0.0234228550829127	4.539675732256785
BA3103	0.0260598413842826	2.342397876294825
BA3108	0.0228857245854361	3.6609660996939706
BA3109	0.0128082191780821	1.3732125605179897
BA3110	0.0175684931506849	1.834265467430096
BA3114	0.0120421773612112	1.6305883781323216
BA3116	0.0108183129055515	1.3931958307391594
BA3117	0.030697548666186	4.8609583969461445
BA3118	0.0119214131218457	1.6127746060083874
BA3119	0.0342880317231434	3.5443777626451016
BA3123	0.0154091564527757	1.6251267650441985
BA3124	0.0086968276856524	1.2781402734783711
BA3126	0.0155641672674837	1.322426383195762
BA3128	0.0190338860850757	1.8563991808411824
BA3130	0.0098792357606344	1.5873752395315608
BA3133	0.0151586157173756	4.822477058901634
BA3135	0.0262274693583273	1.8542644952010827
BA3136	0.015542537851478	2.918802911937821
BA3137	0.0138572458543619	2.2441881006904896
BA3138	0.0158543619322278	2.064447975453777
BA3139	0.0150522710886806	7.018036648099204
BA3141	0.0224477289113193	3.098628018310696
BA3142	0.0263806777217015	4.26123651121664
BA3145	0.0116618601297764	1.679383937782385
BA3146	0.0169232155731795	2.779189436718832
BA3149	0.0144826964671953	1.1033426406032123
BA3152	0.0138248017303532	3.401017511825231
BA3153	0.0316888968997837	3.037935966567881
BA3154	0.0201856524873828	3.953681304646607
BA3156	0.0050630857966834	2.225236711820468
BA3157	0.0243006488824801	2.793173757960405
BA3158	0.015192862292718	1.7084189412438604
BA3162	0.0246665465032444	2.192553626224385
BA3163	0.0108471521268925	1.508863612224231
BA3164	0.0192736121124729	3.179132929391029
BA3167	0.0217844268204758	1.6923943166433797
BA3169	0.0142862292718096	1.2159530212043357
BA3171	0.0217898341744772	3.256032272564925
BA3173	0.0176514059120403	2.368218301118955
BA3174	0.0074242970439798	1.638923341322501
BA3175	0.0070782263878875	1.2794823629933267
BA3176	0.0175648882480173	3.025383732817335
BA3177	0.0181578947368421	5.619477214674046
BA3178	0.018866258111031	1.790472714805178
BA3180	0.0314023071377072	3.6255219762412914
BA3181	0.0079632299927901	1.403127351930204
BA3182	0.0166888968997837	3.411605066915293
BA3183	0.0248089401586157	3.401721165963942
BA3185	0.0126496034607065	3.7119318453459313
BA3186	0.0253749098774333	3.33076346511432
BA3187	0.0107930785868781	2.0913608543221867
BA3189	0.0150558759913482	4.123805082204812
BA3190	0.0103731074260994	2.2437540838087324
BA3191	0.0097116077865897	1.8289237960235667
BA3192	0.016888968997837	3.280048265948535
BA3194	0.0324909877433309	3.362634380326273
BA3195	0.0149477289113193	1.686603816801222
BA3197	0.0242429704397981	2.000435744521692
BA3199	0.025270367700072	5.50820467891538
BA3200	0.0230785868781542	2.97311631597271
BA3202	0.0192880317231434	3.1548611581407333
BA3203	0.0158597692862292	1.5784142324246364
BA3206	0.0162743330930064	2.2143868101354047
BA3207	0.0133020908435472	2.989773521725034
BA3208	0.0090915645277577	1.648353603843284
BA3210	0.0217123287671232	2.170548028124703
BA3211	0.0179812545061283	3.226936348217313
BA3212	0.0332281903388608	3.944326072450384
BA3213	0.0166149963950973	3.4204124899410946
BA3214	0.009592645998558	1.6395427329745598
BA3216	0.0157137707281903	1.6626361740198696
BA3217	0.0261878154289834	1.8704216880556297
BA3219	0.0107354001441961	2.536438692536685
BA3221	0.0088698630136986	1.3603472579694131
BA3222	0.0215771449170872	4.094404842807489
BA3225	0.0116240086517664	2.020133678965513
BA3226	0.0166204037490987	2.54841883138287
BA3227	0.0285291997116077	3.0256618258733448
BA3228	0.0207173756308579	4.051622980685899
BA3229	0.0180821917808219	4.835695717069251
BA3230	0.0169899062725306	3.2406233234344426
BA3232	0.0152343186733958	3.171528682937593
BA3234	0.0154217736121124	2.606177231890363
BA3235	0.0098558038932948	1.3405461742565212
BA3237	0.013042537851478	2.338842683538227
BA3240	0.0435886806056236	5.596454440850695
BA3242	0.0128731074260994	2.2810728371009823
BA3243	0.0143330930064888	2.3524643011190043
BA3245	0.0212076423936553	3.084144514025548
BA3249	0.0218637346791636	1.7037455505201573
BA3250	0.0191041816870944	3.825074693608797
BA3251	0.0130353280461427	1.5528513176504983
BA3255	0.0108309300648882	2.54891590780002
BA3258	0.0105461427541456	2.675396411367838
BA3260	0.0103064167267483	2.612465785150116
BA3261	0.0220511896178803	2.559759150938683
BA3264	0.029127613554434	4.843354384731184
BA3266	0.0226856524873828	4.483577706809734
BA3268	0.0360526315789473	4.491459229203286
BA3269	0.0187328767123287	1.8526738605195363
BA3270	0.0144881038211968	3.7918006880762873
BA3271	0.02060021629416	3.4272821066043666
BA3273	0.0321178803172314	1.4997506090058026
BA3275	0.028923936553713	3.069195932784741
BA3277	0.0209318673395818	1.9236768319111592
BA3280	0.020474044700793	1.416878165978105
BA3283	0.0126387887527036	1.472742590882267
BA3285	0.0137274693583273	7.306848808920765
BA3286	0.0178496755587599	2.916799473474473
BA3289	0.00443763518385	0.4099406744474427
BA3290	0.012072819033886	3.373887332469032
BA3293	0.0246773612112472	3.885012333473765
BA3295	0.0183255227108868	4.345563655912975
BA3296	0.0086697909156452	4.104498327362804
BA3297	0.029592645998558	4.47412533561929
BA3299	0.0119646719538572	1.3924323630876283
BA3300	0.0211211247296323	3.0601792482296406
BA3302	0.0303640951694304	4.91671360444201
BA3305	0.0147007930785868	2.0502005939255
BA3306	0.0206741167988464	1.4685057437442068
BA3308	0.0207624369142033	2.3584069227104
BA3310	0.0220061283345349	2.071451432670026
BA3311	0.0114113193943763	3.029190468522476
BA3312	0.0251261715933669	6.189838185701536
BA3315	0.0143006488824801	5.06778280733947
BA3317	0.0217303532804614	2.918213541530847
BA3318	0.0297746935832732	4.302278173392565
BA3319	0.0158723864455659	3.4063280948421784
BA3322	0.0114095169430425	2.344274447500344
BA3324	0.0199585436193222	5.700955833621735
BA3325	0.008613914924297	0.9655812423502194
BA3326	0.0136049026676279	1.8093045220533093
BA3328	0.0238320115356885	3.4416138825259366
BA3329	0.0240699351117519	3.027187039553373
BA3332	0.0214257390050468	4.755763542422025
BA3333	0.0258345349675558	2.138190425735324
BA3334	0.0063284066330209	0.6500723182207423
BA3335	0.0219340302811824	1.8620985113349584
BA3339	0.0081434751261715	1.9888029936062903
BA3341	0.0315843547224224	2.1915694546698328
BA3345	0.0086535688536409	0.9676949456333652
BA3347	0.0091204037490987	1.020563228106459
BA3351	0.02288752703677	3.29947725734457
BA3352	0.0120475847152126	1.1587592792182992
BA3353	0.0246917808219178	3.653659114352377
BA3357	0.0200486661860129	2.9382326078196326
BA3362	0.0155894015861571	2.7796793102235395
BA3367	0.0081957462148521	1.6371185925450604
BA3369	0.0196160778658976	3.9218136388200993
BA3371	0.0122458543619322	2.339400327877855
BA3373	0.0306218457101658	5.553221864714304
BA3374	0.0103550829127613	1.1715946769017054
BA3375	0.0152433309300648	2.102226995185964
BA3376	0.0162545061283345	2.4719230843016877
BA3379	0.0181542898341744	4.657911981962033
BA3380	0.0142591925018024	1.660972438361182
BA3381	0.0167501802451333	5.003572841407906
BA3384	0.0072999279019466	2.392784218362643
BA3385	0.0116690699351117	2.6966309965889668
BA3386	0.0239509733237202	3.945833267584783
BA3388	0.0093096611391492	1.1972188062795273
BA3390	0.0079866618601297	0.9246064271688264
BA3394	0.0117916366258111	2.554023035197564
BA3395	0.0144935111751982	2.44233255844988
BA3397	0.0168493150684931	4.75481294523837
BA3399	0.0047422494592646	1.0518966259954456
BA3400	0.0321106705118961	2.835300359016065
BA3403	0.0235742609949531	3.2492011701871903
BA3405	0.0131092285508291	1.719065624762823
BA3406	0.0152865897620764	1.7574506802643943
BA3407	0.0167718096611391	3.059588986741725
BA3408	0.0113987022350396	1.468520407623419
BA3410	0.015310021629416	2.373762554018305
BA3411	0.0167411679884643	3.244497109783033
BA3412	0.0209841384282624	3.065114990730882
BA3413	0.0226099495313626	2.4796715552146105
BA3415	0.0468709444844989	7.031814688626842
BA3416	0.0243979812545061	3.0540902587068017
BA3417	0.0155136986301369	2.430004120288184
BA3418	0.0136211247296322	2.3709785901829834
BA3421	0.0068943763518385	0.7245052089894691
BA3422	0.025726387887527	1.3179613042077711
BA3423	0.0239113193943763	2.495455664024824
BA3427	0.0089401586157173	2.748000428876696
BA3430	0.0045998558038932	0.6128184843380787
BA3431	0.0114131218457101	1.1420160644396735
BA3433	0.0253460706560922	1.7244708868453742
BA3434	0.0106434751261715	3.073225306662738
BA3435	0.0162527036770007	2.835762164765971
BA3436	0.0194935111751982	2.169922015558043
BA3438	0.026249098774333	2.9888032468032364
BA3445	0.0117375630857966	2.433058955075056
BA3446	0.0113987022350396	6.712574834412856
BA3447	0.0030984138428262	0.5330022798840908
BA3448	0.0086860129776496	2.242374443316188
BA3449	0.0130155010814708	2.9389262063796857
BA3450	0.0171034607065609	4.044589276108208
BA3451	0.0128244412400865	2.0230655309276098
BA3452	0.0115663302090843	2.3736768193562443
BA3453	0.0135562364816149	1.900844654603146
BA3454	0.0264077144917087	5.662886631495653
