	NPM1	SUZ12
BA2000	528.2932619271585	3.127830327275005
BA2003	717.8183224076506	1.9897729220379268
BA2004	320.01547932986267	2.9885659244700227
BA2006	9.679478408126416	0.0403253332674297
BA2011	348.4981285240867	0.9734490953058302
BA2019	583.7827086691859	1.2399991765125562
BA2020	1236.507877965909	5.410218223310362
BA2022	916.0964949426144	3.635013446641551
BA2023	431.7839587624408	1.4651172880334655
BA2024	372.1842389270018	2.291373309078383
BA2025	722.395881374441	3.202348019563759
BA2031	803.0149785649028	2.5493204194381933
BA2032	795.6408037215438	1.6091133385267329
BA2033	257.718883807176	1.653335750440858
BA2034	810.0015144990998	1.8781243195275104
BA2035	899.358854303508	2.5802866833736795
BA2036	778.587533687972	2.469460560667649
BA2037	1902.128477513421	4.839582910411648
BA2041	845.8378095871379	1.9772036795494177
BA2044	585.7529247149646	2.4437007040504404
BA2046	1115.1507214086078	1.4391194558498173
BA2047	676.9878108900025	3.210441763125257
BA2050	742.1408316925888	1.4751655995006565
BA2051	484.6791957324424	1.462993139513989
BA2052	1122.4581187120564	2.642294597990864
BA2053	856.5360596182228	1.5539922220589095
BA2054	797.1291493537034	3.4258783439006293
BA2055	43.55371897587268	0.0680672964487119
BA2063	583.6395872324669	1.4735926234789565
BA2065	1202.664762511015	2.7529233098619983
BA2066	819.6683643642182	4.243602127364825
BA2068	590.7969803002536	0.8916736487306525
BA2069	668.3880927899144	3.2772561657351744
BA2072	443.6027357455251	1.8153801069337148
BA2079	148.52736696454153	1.6962565597810768
BA2080	828.9284153651536	1.8946995163090905
BA2081	596.8647857517421	1.9577304839315357
BA2082	1003.8557661222746	1.7413423599021498
BA2087	645.4585078280003	0.9289504437414918
BA2088	647.6525682652436	2.680796174136961
BA2089	803.116732804619	3.8986554187489593
BA2093	717.9466283105468	1.9034261400418249
BA2094	773.6307073311818	3.365203634616329
BA2095	742.4000933575526	2.6560847809736363
BA2096	843.435358552685	1.3294732400029006
BA2097	1869.086592927769	3.6209976865347273
BA2098	446.6952569238338	0.5892429276099934
BA2100	459.57170926115145	1.12844237143569
BA2101	480.9915091065376	1.866316057361916
BA2104	158.38864555593398	1.2955052923862032
BA2106	1086.0029372840947	1.1707934243479547
BA2109	352.7594132324559	1.688508390622985
BA2110	227.9689532482417	1.1705870185481446
BA2113	618.1909565783855	3.867898798698029
BA2116	203.9687913848749	3.799043848585787
BA2121	828.9494792055228	2.60854990045021
BA2122	309.0625568800445	1.160381576624371
BA2123	1943.4570022489283	3.161244497684301
BA2124	1305.25779886148	3.0884922765811136
BA2125	406.9357044659607	1.7870047814996364
BA2132	578.9355872081394	1.9465160527248544
BA2133	284.94185090038224	1.13499760059338
BA2134	393.43453986171255	1.4185769257946637
BA2135	1084.5087100504388	2.3836016764544463
BA2139	173.6594297885683	1.5821633933593338
BA2143	307.1844443903837	2.1046315035551264
BA2148	255.3043494272261	0.9668066624641182
BA2153	1331.0218556577304	3.4695547354394742
BA2155	621.3355935278439	2.0098253570793365
BA2156	1073.0524097266143	2.458157690173744
BA2162	777.1502831973705	3.722085664188449
BA2163	222.89718635289796	3.210195023722204
BA2168	600.1522459008418	1.3685184632188694
BA2169	515.3014576082433	1.6846072153202516
BA2171	1060.0132072311694	3.528329106834967
BA2172	1285.5666526108653	2.613693640291514
BA2174	695.0197814809409	4.084355311938887
BA2175	259.9379581461479	4.055509539017048
BA2184	2459.967100585478	7.163143772966834
BA2195	669.5415256707589	1.549778408894826
BA2198	1047.4834367515962	2.889400229010189
BA2200	1259.7528710461302	3.647722987731142
BA2201	527.5463422425489	1.6671515872234128
BA2209	569.168974056234	2.205452500755683
BA2211	922.0441599225848	2.435425518698481
BA2212	1006.7795485871216	2.7830291750661607
BA2217	794.3959000794692	2.8204750681615325
BA2218	979.1264761510888	1.0780705796894765
BA2220	1087.3233925515065	3.1542292909021143
BA2221	462.1590218189288	2.2475850118097496
BA2224	449.9752633840964	3.2036062116400985
BA2226	1559.633324170032	3.960199912097053
BA2227	1482.5946346789062	2.757466516392176
BA2228	1001.3862794833952	2.686596010075564
BA2229	738.7999339107024	2.059070199214427
BA2233	704.8765433216022	1.6639409866305177
BA2234	489.7659139514642	3.950569035682959
BA2235	813.1721123707271	2.1875535523189216
BA2236	603.8020683247107	2.3124204815394207
BA2239	411.5910683166015	1.7428489113670798
BA2240	744.2802145077496	4.017135619212062
BA2242	509.0772584429415	2.1906945435545384
BA2244	627.8026202933338	2.5278406222878966
BA2245	756.6573811014342	2.78575892944588
BA2248	678.3991706131033	1.2531858051716225
BA2249	657.7914731101705	2.1185014161083355
BA2251	754.9645452137293	2.880988973599201
BA2256	1282.3701699887013	2.2357268384262734
BA2260	601.2404678635722	1.9938554580840744
BA2261	260.06442243630283	1.9436379883664543
BA2269	156.11579028744114	1.2550245313972184
BA2271	613.650309930424	2.475952110337579
BA2272	590.9301324570083	2.500016631842846
BA2273	643.2132071771085	1.8625076289023748
BA2275	363.8970945171562	6.07620883012002
BA2276	696.4642064905366	2.699047632130038
BA2277	941.8999230390806	3.6362248207757495
BA2280	1003.6094654686798	3.6816952089496704
BA2281	862.6606165307038	2.86998224023945
BA2282	323.8101324218687	1.806069799286011
BA2286	1327.2542607189002	2.3330565128599834
BA2288	454.9879360677273	1.4604444315267122
BA2292	1297.5291890343124	3.549010663246794
BA2294	847.8341622688226	3.0571390856010607
BA2296	1323.2688825637783	3.597814121872908
BA2300	937.6118692053608	3.560831876027693
BA2301	487.466436665099	1.6580069572475151
BA2302	944.8934392870464	2.0877106593353005
BA2304	211.44701354763023	1.3794719137833011
BA2306	901.786427961314	2.956770811540081
BA2308	863.2564754537051	1.429653665758624
BA2309	699.7744213550873	2.453190810863822
BA2311	410.0625952361645	2.3847435972150675
BA2312	594.399621006936	1.7836635753769017
BA2316	412.6156787816864	1.6408281217566605
BA2322	858.080363788471	2.0444933811026003
BA2325	219.69341172145727	0.8862837205055132
BA2329	511.997061796872	1.3420408060311135
BA2334	464.35318109278455	1.121944188142237
BA2339	243.40496241424609	0.8442805321438875
BA2344	1338.8400557636896	2.749904915886792
BA2347	363.8338714002281	1.207037798802822
BA2348	163.47130967633814	0.6629458489112611
BA2350	204.6322921444288	0.790423189388913
BA2354	1407.5827175811046	3.731705421167489
BA2355	860.7745633511192	2.02882558738785
BA2357	793.4590747498338	2.473396013473268
BA2360	1029.0874538131768	3.520967928796575
BA2361	512.3302610000163	2.98088402426122
BA2363	344.37315787908767	0.8333354137579682
BA2369	935.9463449455876	2.6691152350496234
BA2374	769.8035383317925	4.323946745488606
BA2375	708.949695691897	2.5684770343997188
BA2376	217.837552447061	1.8481022387432773
BA2377	1620.696566978597	3.499672511363763
BA2379	326.9421995923817	1.7563167005469678
BA2385	628.0703635992583	1.3253807610922073
BA2386	1105.0537048660103	1.9064378198872491
BA2387	735.7457824756591	2.2161895189155394
BA2394	656.9536912697255	3.775015455102856
BA2399	863.6350532498634	1.919312968531149
BA2400	2251.1756771923	5.216089126781342
BA2402	1132.8083556874635	3.384432984271428
BA2405	819.4816206555411	1.4194167800483262
BA2406	455.82191344869887	1.6091346371686976
BA2409	384.3329069019392	2.293717545528442
BA2410	1750.142878574093	2.148397005330327
BA2412	147.10920649053665	0.918802287118866
BA2413	924.3690286900533	1.5253153129968469
BA2414	1174.7778707298746	3.89831987960464
BA2415	352.56962425058254	1.375119090165481
BA2417	667.7037800050819	1.5367927949051934
BA2418	445.7194689069452	1.2117671823646836
BA2420	675.3308830557313	2.0249346143055718
BA2421	651.5041767354861	2.4075440309426326
BA2423	454.13566416365273	0.880508194597254
BA2425	500.2002133778794	2.4400687844195703
BA2426	661.9735664974564	1.5507768986686328
BA2427	539.9111996626607	0.5882059299446201
BA2429	600.1961675721845	2.189553667892948
BA2440	864.1078835422782	3.063282791712798
BA2441	425.5303468620424	4.370306406949998
BA2442	878.4137108343198	2.918529321055335
BA2446	509.50240199592383	2.0203920329115617
BA2449	1679.51772423058	2.3754634967847417
BA2450	609.4299564675608	2.3408973702466938
BA2452	1162.0438778550847	3.5905423523982587
BA2454	745.3580045356989	3.2890122726673425
BA2455	390.7647405569341	1.2358041060415323
BA2456	397.9003733707434	1.090367227326382
BA2459	1215.4964029582056	1.998842377952892
BA2461	436.4138683457943	2.5939641461163143
BA2463	359.6115960903247	0.5689929353149397
BA2464	1015.2788934029636	2.475301331118999
BA2469	387.8750166642339	2.3819216418748868
BA2470	457.57169279964535	2.3809738027930947
BA2472	447.3715749201252	1.3123016570263857
BA2473	894.9562600620617	2.755603559036205
BA2474	575.5878617828162	1.2611914796965875
BA2477	1491.0319350730088	4.934901512288668
BA2479	399.7088210155857	1.1078452583543263
BA2480	478.9776202122426	1.821158355611772
BA2481	351.52108940030377	1.3358563546835416
BA2482	805.4864506668396	2.783642057001445
BA2483	685.8239964103647	3.16764368549378
BA2485	622.211135514145	1.7379606211963126
BA2488	454.2514129053882	2.338087128379935
BA2489	831.7894227390433	1.2645660809915578
BA2492	304.75228457592027	1.3425124397520398
BA2494	744.4210554014824	1.841131074785678
BA2496	350.10427595863274	1.2703317301120385
BA2497	459.164025176103	1.8475301340392984
BA2499	1215.8143966493133	1.6616298015397264
BA2500	514.1612743016699	3.4173566380922566
BA2501	829.0114015472194	3.615923892055416
BA2502	475.9212578590853	2.320614857605067
BA2505	917.3075047384268	1.6951117236603537
BA2507	549.1035245192646	1.9083458329200016
BA2510	819.3453807176026	1.7606613826022828
BA2511	310.38045202376514	0.825448589985297
BA2512	297.4810904058342	2.388967697565373
BA2514	722.3955446623094	2.1217883640428004
BA2515	611.7897475091498	1.5700521580175193
BA2520	563.2975840780205	1.451049520127221
BA2521	805.7008130956823	2.9275973125167254
BA2523	875.4790358260757	2.927206237822633
BA2524	931.078368926948	1.0405124488537365
BA2525	451.6653062218546	1.0965176083677777
BA2526	990.3383096222774	1.9118790748170709
BA2528	1094.8701903696135	3.0630976695980467
BA2532	503.22428308113984	2.4541747713501083
BA2534	848.5101283619045	2.8872820975991784
BA2538	628.4832761910941	2.325174088358405
BA2539	539.9096717916279	3.148075893779765
BA2540	589.9655471977597	0.918974679037293
BA2541	727.72020609319	1.8302287745129848
BA2545	647.2364441660316	3.234329178030815
BA2546	415.4442953177963	1.933937550868748
BA2552	1511.0459870686627	14.223631996410283
BA2559	917.200021186418	2.0044994133695067
BA2561	738.135338339361	1.4902745245312632
BA2563	884.8698027592621	2.9208440272848986
BA2564	628.5977134454555	2.1882096465844056
BA2567	277.10499196656883	1.012133610266729
BA2570	1042.4509403817774	2.7572681346222847
BA2575	261.6719320104662	1.6097165810701195
BA2577	1032.876321645394	3.651028690608643
BA2579	449.4176386199365	2.760135144162037
BA2583	1188.087690821021	2.810036312022123
BA2584	416.4702869762186	3.675862420284768
BA2587	699.6269820572288	3.1100225388390283
BA2588	1026.9398317358373	2.7914457240380366
BA2589	618.6410391832499	2.0149485837611447
BA2592	1865.1866485698224	2.6901107307254293
BA2593	30.008362985668484	0.0398168591931038
BA2594	471.0287942014413	2.894148730140257
BA2595	727.4920774690906	1.0555265544589318
BA2597	290.60834830816805	1.2907801614554757
BA2600	1025.2452093908971	1.7661947130810205
BA2603	996.626896776356	2.8155946704489563
BA2618	1058.6337250847405	4.258299667832707
BA2619	338.3126510809452	1.4642003621084885
BA2620	1012.9845355638809	2.276156501689904
BA2621	567.4479645307254	2.6859403728874813
BA2622	923.4883389502478	2.2338655884485967
BA2623	1683.427266295269	3.939977916509368
BA2629	580.2238365580586	1.6752539559235884
BA2631	1103.702527606135	2.1276926202692947
BA2634	299.626886802143	1.6167039635701854
BA2636	794.771285538202	1.9989008373875807
BA2639	843.6370720413889	3.3107430878982425
BA2644	468.4459418954788	2.1882424011674804
BA2645	503.7044701503431	1.2158411958490996
BA2646	959.2048435967716	3.884091486222778
BA2649	1079.3861986706456	3.0636462073250943
BA2651	610.7334201495321	0.964506749711484
BA2653	479.0693402693308	1.691746912064786
BA2655	3003.6905966687755	7.552291549090876
BA2656	514.2763095411862	1.332997209740734
BA2657	669.203610686734	2.24684563200814
BA2658	820.7877083772577	2.059598620355018
BA2659	663.9202028035917	2.890816069031202
BA2660	632.6777537477633	1.062396437004348
BA2662	563.0684322375214	2.190946125583757
BA2663	383.4983388421264	2.1538776049830064
BA2667	698.1010292441762	2.1043695310812467
BA2670	555.3930685787963	1.7737751757706413
BA2674	786.7028774874713	2.314884090530913
BA2675	887.205862809971	2.465711586750538
BA2676	594.0487446493348	2.2918113776937385
BA2677	721.5664782648653	1.8137027200786924
BA2681	851.2115127826703	1.8240194298043533
BA2682	1025.0039654389466	2.167384699929073
BA2685	1395.1228150743066	2.783558196151693
BA2688	542.31391518405	0.8773687869085953
BA2691	699.0809335701197	2.47093049044301
BA2694	604.2582632975992	0.9017508335909932
BA2695	228.02306189418147	0.4854202981803165
BA2697	162.71351757245495	1.293264041883727
BA2701	403.2378313195695	1.0636164738566118
BA2704	770.3680937846327	2.932963127009856
BA2705	821.8583313871455	1.7816725179202555
BA2707	1182.3407322531991	2.3636607690353704
BA2709	641.9214397735934	1.5641886220568877
BA2712	274.531070857458	2.4647812273906164
BA2714	1088.2035228974412	2.819876501593101
BA2715	186.4053981792331	1.4313003984997237
BA2718	750.0273149040149	2.8327058281575868
BA2720	333.3011297891089	1.9187982182559091
BA2721	902.9906278348118	3.3152166812826063
BA2722	345.73765495169664	4.113914869787035
BA2723	562.7173060921087	1.7646408675179523
BA2724	491.17039401655336	1.1100152630416389
BA2726	143.18557004384326	1.215876736924184
BA2727	1172.2530557853138	1.143114227289864
BA2728	464.20429209577406	2.8353415068049355
BA2731	364.9530811398174	0.947367719964498
BA2733	513.9352604053477	0.7171956818700758
BA2735	799.3425756175093	2.9350080344728284
BA2737	263.86370775826185	1.2668460298778208
BA2742	574.2548448726058	3.1223840270769694
BA2744	386.50566353654784	0.5433691175015175
BA2746	423.074653154176	2.253463472177915
BA2747	771.2897838190694	0.9966983521150632
BA2748	1668.7576324488991	3.7927982197488688
BA2751	716.8933163852803	2.3411414671467004
BA2756	1069.0665183779606	1.7964857694361067
BA2758	371.7774084615926	1.4242182719470404
BA2760	688.0308768873967	2.4315209586360123
BA2762	747.3631063321386	1.5536895710012866
BA2764	506.734693475405	2.286265574126725
BA2765	345.8721956783816	2.590314033613814
BA2769	937.0731507376591	2.3478089285825745
BA2772	918.2200368910728	1.0268609913128877
BA2775	894.5923074490343	3.039551271515804
BA2776	787.9974145434297	2.9980635674191385
BA2778	251.36472120858272	1.684592941494171
BA2782	410.5745676029993	2.05535221293326
BA2786	1015.5002481065212	3.758660441323659
BA2787	108.04856925455596	1.2212710568734968
BA2789	1616.955979143353	2.518476318929666
BA2791	811.1306944917475	1.6218361111932325
BA2792	604.0455384453203	1.642577061323491
BA2798	1645.4384054504071	2.725656166769618
BA2801	551.8569786243695	2.0814840612191783
BA2802	233.2144021635122	2.556946214603385
BA2804	664.8175138530737	2.508968242382166
BA2806	839.1263056488103	1.7056229782411962
BA2808	469.0915221892452	1.2865005369029026
BA2809	929.151270211972	3.888553568950869
BA2811	662.5363020267387	2.2183777879221527
BA2812	748.1997015520849	2.468672733171382
BA2813	956.1876397957584	1.5452284718273128
BA2814	292.92542751260964	2.487338226545351
BA2816	751.735240132557	1.6077898526622405
BA2817	351.466447693497	1.3445518491816024
BA2820	864.9211133492273	2.621339966229356
BA2821	2368.0972957935314	5.343387072774964
BA2822	215.09595990312312	0.957193219340488
BA2824	575.4304511182471	2.042492689193478
BA2828	478.5242470631485	1.732127544899765
BA2829	782.8986428799258	2.639622927995981
BA2830	1139.5572352373538	1.7221056490992823
BA2832	406.77833419830574	2.5571678089250933
BA2836	606.31108243187	1.3937078919637609
BA2837	1414.4278362174755	2.438865267004707
BA2839	1031.7349631035208	1.776619832680444
BA2840	733.1034845088849	1.90923825910962
BA2841	1035.6599321537274	1.3154535383251733
BA2842	228.17158173718903	0.9092971437169872
BA2843	615.0665209458472	1.7809965939313757
BA2844	1035.935132632706	2.1206104520041915
BA2846	985.9857015872244	1.856882390380544
BA2850	692.2431064672905	1.617863888852045
BA2851	919.37662155295	2.802693562858027
BA2852	502.1760089038096	1.3087034697193558
BA2855	365.6997907848002	1.3002963388467923
BA2856	277.16175692113075	2.1206589932589512
BA2858	739.1818848559551	2.043740078726683
BA2860	555.6940166885612	1.638586144768034
BA2861	719.6234072019765	2.236845737221775
BA2865	935.5207895305904	0.9032265964582236
BA2866	1144.4032637571156	3.9997204309231336
BA2867	599.1445737307881	2.2078788633903432
BA2868	1261.2430804640578	3.309804877520195
BA2870	1653.638735134638	3.738584148262593
BA2871	757.0156570816912	2.309238490771179
BA2872	632.0389651010667	5.192477015902934
BA2876	487.2383254891148	0.7024124392323595
BA2879	328.0760054709504	1.433838265436658
BA2880	579.6172882033982	3.762856777656033
BA2882	348.2327707363618	2.204463034650087
BA2883	979.3831896938536	2.9759502319301583
BA2885	583.6435163560876	2.7600127825799627
BA2887	831.9369645091011	3.826445815732204
BA2889	11.096241640852648	0.002977622411231
BA2893	978.1620407888548	2.0572561722026017
BA2901	502.0742446304135	1.287438524239864
BA2902	676.7777450169481	1.2265799290906445
BA2903	91.926374111376	1.6444481759461065
BA2904	902.9180070495252	3.273383068000783
BA2905	900.5493842477714	2.118961392685442
BA2906	538.9536053887781	2.812704904374405
BA2908	1625.8994007903684	3.170452368423088
BA2909	293.2362985614428	1.8119799174723856
BA2910	883.0583790957795	2.639855610921634
BA2911	1305.4111269455125	2.942921661397253
BA2914	484.6472481713943	2.484040926749492
BA2915	193.40122712012848	0.2115464913358273
BA2921	516.5545776177578	0.7747336401738909
BA2922	1083.0371638041483	2.04037717377636
BA2923	190.9176332192651	1.1989635988129774
BA2926	1143.5630600777397	3.2837500308174703
BA2928	624.6365392400136	3.4863633802762903
BA2930	489.7437718419047	2.0659060438742967
BA2932	1050.7566343923838	2.395469130156888
BA2934	267.241312590214	1.6131126319055622
BA2935	464.9088278542738	1.2350417754175382
BA2937	437.48340007136017	2.1005734083389345
BA2939	838.9056317812485	1.3930420584084413
BA2944	2698.337102950637	4.350468493836928
BA2947	808.8363659265746	0.8203008331416218
BA2948	448.3459530725442	2.065348930890897
BA2950	1527.9173758034783	2.7693493068114425
BA2951	1225.5905918789902	2.261770063990231
BA2952	868.2035326148657	3.451819740828945
BA2953	773.6017261281132	1.3391164135418665
BA2955	255.83240869946	1.2631929932669597
BA2956	182.43355660433457	0.6166736629526356
BA2962	1448.9492234980564	3.022447465247259
BA2970	945.5326477562074	2.01748366635904
BA2972	1025.0073895619455	2.107499279900343
BA2976	682.0966436313704	2.308047111493128
BA2978	463.7697548343848	2.176374119642161
BA2981	620.2075130962227	0.8894216292207059
BA2984	519.9562388513167	1.986031213662467
BA2986	831.3159558755951	1.8144071721597173
BA2989	918.7735847970288	1.0783765945016617
BA2992	1040.0243023186663	1.975502861534953
BA2993	490.2168793417561	1.457984332566452
BA2994	783.4573074760644	2.130989953198337
BA2995	448.89376179200656	1.4522354134587196
BA2999	551.318378149716	2.5955141147246734
BA3001	1127.8882983776364	2.5069756054884262
BA3002	658.5376207582564	3.4506469965230795
BA3004	607.1595518577985	1.7514232448445308
BA3006	685.9478445103986	2.0099523102644765
BA3008	11.502818985603614	0.0076267174077165
BA3009	967.4619845386184	2.651445822097596
BA3010	786.927717035091	1.8827161107769768
BA3011	1173.5226977948612	2.90745070444426
BA3013	1321.290876995518	3.3349838477450158
BA3023	1015.7452736286136	0.7424748994131767
BA3025	796.68252407056	2.4900005482635392
BA3027	339.48845342934527	1.193531364723204
BA3029	409.49845003703166	0.959153786448544
BA3030	1040.9582844218469	2.205741919511328
BA3037	796.8167148834721	2.598632365609078
BA3038	712.6495139882256	3.940013201392861
BA3040	659.1284817517854	3.078506353971753
BA3042	930.6569966806684	2.110307657672711
BA3043	279.3242529341486	1.4016424828511695
BA3049	207.05831119544595	0.6328514428826121
BA3051	339.05996434691883	1.495153714824904
BA3053	1159.914784973267	2.9241808690325106
BA3064	811.7129054909528	2.9510019897659747
BA3067	416.1485327851571	3.211676293613392
BA3068	473.2820363883077	4.091328330037431
BA3070	339.2050705493115	1.878426220680133
BA3071	651.3380244516886	3.35664601554784
BA3072	802.8031381469049	2.943216816698309
BA3075	495.5792932364566	1.0345478995103543
BA3076	81.10637218410939	1.0028763209729108
BA3077	291.70705449866745	3.877955766857684
BA2040	349.01179584488875	1.9735780198754205
BA2160	743.0925136584549	2.306191713148515
BA2303	465.3506401336382	2.414668053704183
BA2353	1483.0301806981408	3.747792334972045
BA2516	1350.9859271639175	3.3427258844459677
BA2590	1522.0878930840054	3.2333928416921185
BA2647	869.0202300015676	3.184577064161077
BA2891	336.46402777102026	1.9000015937133072
BA2924	974.9096307108452	2.164089002403928
BA2971	504.3848558415371	1.4521981020802457
BA3036	1024.0701671559168	2.591954736863349
BA3059	509.7243617530828	1.6683961038489634
BA3073	1092.6461944187656	3.0304135468395854
BA3078	1752.2812406677583	4.828232524854314
BA3079	431.2270461408715	1.428555523392915
BA3083	724.4524761132466	3.62037986543036
BA3084	552.0035124907421	2.144582988557303
BA3085	820.8800895732983	2.1161445406708315
BA3087	552.9716823524008	8.442720777991775
BA3089	1439.473474832006	3.344073001853104
BA3094	665.2058175556962	2.5622567916477226
BA3095	574.7167668683135	2.6900061136767155
BA3098	808.7351486941619	2.946239643322152
BA3099	1438.6175286116652	5.125180610155194
BA3103	879.3752567562454	1.8127992996042044
BA3108	1114.4842264173385	3.6879390062829223
BA3109	463.60528194856647	1.219304854460349
BA3110	812.5846052698445	2.854261373179738
BA3114	701.3618263081356	2.5822127560463226
BA3116	596.0115959551728	1.1304533786269022
BA3117	2013.0868083599587	4.784275498839013
BA3118	762.0598576309488	1.552737175616819
BA3119	1297.1689066208232	4.136281300786254
BA3123	1253.3905845807856	2.725016181341718
BA3124	476.7455394130081	2.437414350308926
BA3126	423.3258870021679	1.3116584068785555
BA3128	1184.566686506971	2.04513332545828
BA3130	233.00493093195377	1.6645989629550084
BA3133	548.0215910572665	5.216699991920351
BA3135	1036.4799729020365	2.242828290223296
BA3136	540.2219088535331	4.128431097016184
BA3137	658.66789022419	3.044874216075641
BA3138	964.934672472794	3.690354445632429
BA3139	854.6870240840752	5.131931417554232
BA3141	1771.353530898436	3.5091168454009503
BA3142	823.5670939630331	2.980025656584301
BA3145	527.3541563951194	1.4871110201568294
BA3146	724.235544067641	3.318536602650176
BA3149	297.9528024511156	1.0800889306513628
BA3152	363.3788364769674	2.3413475732992577
BA3153	810.1571869475665	2.8710600541324407
BA3154	369.5337442438789	1.9819797859077413
BA3156	1108.0450205647187	2.421733456584118
BA3157	2477.163519518644	3.4411350954507927
BA3158	656.5434153110926	2.7953724333764387
BA3162	712.9927125750769	3.2459754133263963
BA3163	195.17160065846025	1.659443044336491
BA3164	1006.7027276039724	4.1717609370081705
BA3167	839.6627692307691	1.106458613145681
BA3169	407.5842455818831	1.2625645025629024
BA3171	428.433612084205	4.371778673438539
BA3173	1272.5773057461197	3.228034098320759
BA3174	430.156349005552	1.7322300333078482
BA3175	459.5290877514503	2.3222003058009952
BA3176	1129.7328969763803	3.3796875296882387
BA3177	1587.6337128940356	5.299911888718629
BA3178	593.7176450937144	1.8007557232702156
BA3180	1005.2974130297282	2.386361091316556
BA3181	531.1001912075557	2.21162992051035
BA3182	859.4595282116155	4.231217962654564
BA3183	1450.5036346356574	4.677850653095285
BA3185	762.8095147721068	2.306702043382672
BA3186	750.6033154338107	4.458450714038702
BA3187	685.79900724955	2.235356236454992
BA3189	1463.1101118193071	4.398919034033667
BA3190	1966.934271120193	2.750905028405262
BA3191	526.8250531687722	2.637623582177371
BA3192	1365.1212215978203	2.5377318925315104
BA3194	1392.2868741519217	5.581309322387111
BA3195	1043.4049337025683	2.3047722288062595
BA3197	547.1094108862185	2.0972527138483645
BA3199	2511.9588647777828	6.206970067163447
BA3200	784.4308424290588	2.9236509388094274
BA3202	940.5521645123448	3.963135251851999
BA3203	210.9951207123048	1.3016145260174428
BA3206	767.2675833968548	2.7966282887581664
BA3207	609.5461392578536	3.2763282771064266
BA3208	724.5936845121286	2.0615942299825103
BA3210	578.2796027479092	1.8637945242052707
BA3211	866.1912154024554	3.6146554936113753
BA3212	418.0380708088032	4.359733267888941
BA3213	1180.523693648399	4.473245099354514
BA3214	1506.22650339772	1.0531816661510225
BA3216	768.3636119706774	2.0805143635542547
BA3217	1052.5268080301876	1.9786921294959936
BA3219	405.0458000859567	2.1866336720993536
BA3221	322.6561060239921	2.4217183584632296
BA3222	1297.8599968996143	5.677033209468715
BA3225	244.08352575725635	2.2105456054119874
BA3226	1197.3099928369477	2.7975491794236835
BA3227	883.0480512982696	3.503507625516032
BA3228	1697.5546582007491	3.265998711818787
BA3229	1455.519949236932	4.020053270622499
BA3230	849.2743784848928	4.444549474767367
BA3232	987.2649466366088	3.2198476333781896
BA3234	353.1609618763414	3.6514510001452094
BA3235	255.76999018796928	2.0942884352959164
BA3237	907.363305324446	5.045740604542405
BA3240	1127.7512233088437	3.717938947483899
BA3242	806.7854193169961	2.824208182715297
BA3243	980.8468532249954	2.873395469987453
BA3245	188.53847669710288	1.7947656040773452
BA3249	731.5733312384782	2.504202895003748
BA3250	921.1257791725455	4.644448638351099
BA3251	644.4370405726117	2.414921050308429
BA3255	727.1856605956416	2.7422976805609176
BA3258	435.4845579666661	3.5924173758368863
BA3260	597.0581526568168	3.774603994461609
BA3261	849.8163244295235	3.35494157644816
BA3264	1007.2563954978184	4.024273997324082
BA3266	1097.5275507982071	4.829394616812852
BA3268	1563.115475951064	5.316122515090807
BA3269	341.03154410548336	1.830988636474024
BA3270	1212.1378999226934	4.598906208355961
BA3271	1091.401344978024	4.513018463939426
BA3273	347.22410491574624	1.1675918021398823
BA3275	1010.2440870702844	4.902504339822986
BA3277	876.774825708061	1.6324152584145304
BA3280	673.4310204187548	1.4526041835791526
BA3283	744.2270885569558	2.792152874144892
BA3285	965.9732478767633	4.052687988006916
BA3286	729.8611190039842	3.4310554380868004
BA3289	237.80493783010863	0.7055478041006996
BA3290	1028.6537067311071	4.822961034302958
BA3293	1410.6575633186828	2.1713239310413144
BA3295	931.4742750450056	5.09920810910413
BA3296	427.2224889851171	4.729501004316536
BA3297	892.6426763057029	4.4954226607483045
BA3299	588.9359797974884	1.5352854751340113
BA3300	892.2016144980187	3.754927576706723
BA3302	2404.70236921347	6.3692753164369
BA3305	825.9343252350294	2.6689439943577176
BA3306	1342.1610074766056	2.7870472676118303
BA3308	880.1282427815349	2.718611926441133
BA3310	813.7038750493303	2.500281472355026
BA3311	512.6421293458105	3.366305903824606
BA3312	1224.9597742827486	6.650667833623362
BA3315	838.4970079253096	3.883909336410872
BA3317	2032.3938769360516	3.8886050301503534
BA3318	955.1253143309708	3.445776131349413
BA3319	612.65364137163	4.635367304871829
BA3322	563.6207557696362	3.037008214616592
BA3324	1381.989756996816	5.668386387468519
BA3325	598.5692094909097	1.7547584248602863
BA3326	639.2512433978278	2.6557445139434845
BA3328	720.8834453148229	4.695321371238923
BA3329	2369.4967076447338	3.8669366864691184
BA3332	2478.666371359682	5.024897487219014
BA3333	1597.9960076658178	3.226633719888207
BA3334	703.4833047568076	1.2642809596927764
BA3335	649.309428929002	1.6537068159127513
BA3339	626.678045270493	3.724608993248218
BA3341	421.7995890299875	1.8059383780760985
BA3345	298.4684129107943	1.7519230980688434
BA3347	367.6588013590879	1.6048570401002025
BA3351	1141.2728330008597	5.215128139173472
BA3352	1009.48292692605	2.1148861346894616
BA3353	1102.8245627294202	4.3179617130186445
BA3357	1504.124385620915	3.8490114985059223
BA3362	500.0933792849923	3.349392607592187
BA3367	537.7630320256033	2.878799856228966
BA3369	1465.514607626894	4.649483150766225
BA3371	1014.8823431778004	5.084866242016681
BA3373	1409.1702353481785	6.631599561757495
BA3374	414.51261856879495	1.915768651629216
BA3375	542.9281467101315	1.9803123268839653
BA3376	832.1562503986981	2.844257906636713
BA3379	1381.0621631608255	4.421266176029636
BA3380	994.131580493791	1.6561205351354766
BA3381	1165.540186450207	6.868431088107999
BA3384	614.6547345886245	2.527745547170815
BA3385	696.60522178433	2.751520608873323
BA3386	1311.4488388556415	4.382552386359606
BA3388	571.5370032166161	2.118816848691232
BA3390	441.3767632192111	2.26720270278622
BA3394	1971.1116355006295	3.3950238282353484
BA3395	648.7028949491017	1.4080492322903309
BA3397	343.99908085329525	2.3359640570725846
BA3399	303.15185061656314	1.6285860154833292
BA3400	626.43397754856	2.762075732645821
BA3403	1201.5489590327447	4.832645987788951
BA3405	396.6592348508193	2.2978717324923443
BA3406	639.8543728355419	3.059599903123702
BA3407	657.9142688009858	2.4210204292323354
BA3408	537.8256037723609	1.52621207640629
BA3410	487.2527660195591	3.14202021257542
BA3411	1109.4962852678982	3.5339209204010724
BA3412	804.5130972634437	4.293846130868088
BA3413	1296.2348854452173	2.678350905858641
BA3415	837.5896348464944	8.344403912270149
BA3416	958.7217587267608	3.8583572144300606
BA3417	1049.5468800715762	3.469971247043444
BA3418	902.6669824032176	1.6410165533431285
BA3421	243.30442046849072	0.7378329029196052
BA3422	1287.6257360644838	2.38496692241196
BA3423	1301.742594560405	1.8544197867911776
BA3427	444.87211037047854	3.6879188125735456
BA3430	237.22518926677367	1.428601231548692
BA3431	356.34041291079427	1.2434431284944238
BA3433	757.5797036118004	1.8538258864110355
BA3434	1268.914612892414	3.2004817752934134
BA3435	1166.2782179622332	2.9621926707820454
BA3436	1226.9900517577862	2.6270014713542023
BA3438	1213.4320555798831	2.2641094026027804
BA3445	1300.746105321202	4.260001253989701
BA3446	543.7477859950156	2.2094357383176404
BA3447	612.0209696340626	0.8065223780057897
BA3448	729.6131623391016	2.8457177283663917
BA3449	1193.0168362012575	4.063980582041533
BA3450	695.7256534001525	1.917693346621952
BA3451	396.52403117684895	2.672323349006122
BA3452	1152.029653159582	3.137589070243689
BA3453	634.8876040480708	1.484231117994674
BA3454	1521.3874292966152	5.986194327840045
