	ABL1	WRN
BA2000	0.0146845710165825	3.64367524260251
BA2003	0.0095313626532083	2.337186503189597
BA2004	0.0112418889689978	2.575631069455499
BA2006	0.0060003604902667	1.5108405244702934
BA2011	0.0100919250180245	1.3812894296756382
BA2019	0.0196629416005767	8.453174755186346
BA2020	0.0263392213410237	11.689794920486298
BA2022	0.0168979812545061	3.8962466471329193
BA2023	0.0098017303532804	0.6312689705612322
BA2024	0.0110868781542898	1.9587807695389303
BA2025	0.0185724585436193	2.2055004520649075
BA2031	0.0146377072819033	2.8385358083121
BA2032	0.0132462148521989	2.0444775593982403
BA2033	0.0081723143475126	0.9373045598977386
BA2034	0.0197494592645998	5.098688418825834
BA2035	0.0183687815428983	3.385398277857364
BA2036	0.0147530641672674	3.233692729640722
BA2037	0.0234264599855803	3.8687840876490847
BA2041	0.01598774333093	5.633698601447254
BA2044	0.0127793799567411	2.306583836407864
BA2046	0.0203460706560922	3.4014862602609908
BA2047	0.0213968997837058	4.3620544474952325
BA2050	0.0107462148521989	2.926864048504481
BA2051	0.0223882480173035	1.115321695269899
BA2052	0.013585075702956	2.858853181761155
BA2053	0.0078983417447728	0.3867669461804068
BA2054	0.0082660418168709	1.8761180510795208
BA2055	0.0044250180245133	1.74386443202593
BA2063	0.033361571737563	3.60460749494978
BA2065	0.0192790194664744	1.5290839298718693
BA2066	0.0210976928622927	1.5863760113876535
BA2068	0.0152397260273972	2.129060070230592
BA2069	0.0120782263878875	1.851776498907011
BA2072	0.0101243691420331	1.5793288631530549
BA2079	0.0053911319394376	0.4288537864180032
BA2080	0.0201568132660418	2.7348357920893216
BA2081	0.012382840663302	1.828758893141924
BA2082	0.0226405912040374	2.754956505451325
BA2087	0.0131452775775054	0.8989980529947366
BA2088	0.016995313626532	2.3155011174569724
BA2089	0.0200973323720259	2.77156862824968
BA2093	0.0109012256669069	4.854280104169628
BA2094	0.0125342465753424	2.588387558133183
BA2095	0.0175198269646719	2.5633071558228755
BA2096	0.0067429704397981	4.625285631637191
BA2097	0.0227577505407354	2.407767837380812
BA2098	0.012664023071377	1.0381893538347469
BA2100	0.0066240086517664	3.182872318313152
BA2101	0.0096467195385724	1.844175921280326
BA2104	0.0069358327325162	0.7874060395940521
BA2106	0.0121449170872386	2.8847819008326625
BA2109	0.0096160778658976	1.0123737307138452
BA2110	0.005677721701514	0.959790302306544
BA2113	0.0232191780821917	2.997557119369352
BA2116	0.0132804614275414	1.332687177972739
BA2121	0.0142231434751261	0.8122123056480296
BA2122	0.0042213410237923	0.8994099225851028
BA2123	0.0203028118240807	4.309201221869251
BA2124	0.0179434030281182	3.5725713285949245
BA2125	0.0150955299206921	3.772958418768134
BA2132	0.0178821196827685	3.1428313866593154
BA2133	0.0063211968276856	1.3678579094399683
BA2134	0.0074351117519826	0.7947641199885072
BA2135	0.0098558038932948	1.1822307020374343
BA2139	0.0064852198990627	0.1263334384516523
BA2143	0.0127180966113914	2.433198721438722
BA2148	0.0149242970439798	0.7235882860025965
BA2153	0.0082390050468637	1.393335976502633
BA2155	0.012382840663302	2.573810779280413
BA2156	0.0208399423215573	3.1557336217938747
BA2162	0.0132804614275414	2.256156057510914
BA2163	0.0161968276856524	1.033926029167446
BA2168	0.0087941600576784	2.01018404468912
BA2169	0.0112076423936553	3.335296741543995
BA2171	0.0253118240807498	4.56511314293937
BA2172	0.0166528478731074	1.034211878859194
BA2174	0.0147224224945926	2.737548419530272
BA2175	0.019388968997837	1.9209445426516285
BA2184	0.046326604181687	4.447399495112488
BA2195	0.0100342465753424	1.37768457764588
BA2198	0.0141474405191059	2.603436263680297
BA2200	0.0183453496755587	4.617422981462322
BA2201	0.0077883922134102	0.8952305796500275
BA2209	0.0153947368421052	3.2374032287440184
BA2211	0.0313320115356885	2.489572308700959
BA2212	0.0161824080749819	3.5298171124968745
BA2217	0.0262707281903388	1.7819554923106768
BA2218	0.0069124008651766	1.646091158360637
BA2220	0.0089419610670511	3.2133523007142326
BA2221	0.0084661139149242	1.604913333751908
BA2224	0.0088914924297043	1.3143389603587543
BA2226	0.0220944484498918	2.224797562417594
BA2227	0.0209408795962509	3.5595010716881896
BA2228	0.0196377072819033	3.956523655989203
BA2229	0.0153713049747656	5.252408669198856
BA2233	0.0236860129776496	5.201084801917042
BA2234	0.0152505407354001	1.6444689845936484
BA2235	0.0130641672674837	1.7615531104310982
BA2236	0.018817591925018	3.856707544941097
BA2239	0.0091726748377793	1.2634093254546512
BA2240	0.0207876712328767	2.1984128966470484
BA2242	0.0155587599134823	5.290089161959585
BA2244	0.0166348233597692	3.420622023495924
BA2245	0.0197404470079307	3.4085908162554364
BA2248	0.00905010814708	1.928912501085424
BA2249	0.012557678442682	2.249412033409873
BA2251	0.0230894015861571	3.0688501353507367
BA2256	0.0136391492429704	3.986478420121614
BA2260	0.0076297764960346	0.7446332963394505
BA2261	0.0063482335976928	0.4255254809817714
BA2269	0.006685291997116	0.2390468394228528
BA2271	0.0136319394376351	3.4222434935875308
BA2272	0.01	3.58031100234493
BA2273	0.0184607065609228	2.7147305803220827
BA2275	0.0184697188175919	3.051549993006704
BA2276	0.0092519826964671	1.8826609259420917
BA2277	0.0193421052631578	5.350184392366428
BA2280	0.0273449891852919	5.5781075906451605
BA2281	0.0179271809661139	2.216494605874734
BA2282	0.0063031723143475	1.099167221395688
BA2286	0.0208507570295602	4.45896433748122
BA2288	0.0124134823359769	1.34732574184983
BA2292	0.0175486661860129	3.869560543781668
BA2294	0.0140573179524152	3.640375465861127
BA2296	0.0239365537130497	1.58682495743253
BA2300	0.0072584715212689	2.1635469555137536
BA2301	0.0100739005046863	1.6335540095473435
BA2302	0.0157948810382119	3.5578395272175576
BA2304	0.0063734679163662	0.9128102557142656
BA2306	0.0136121124729632	1.109744177785795
BA2308	0.0117321557317952	2.336933677130363
BA2309	0.0130984138428262	6.6687548639223815
BA2311	0.0107876712328767	0.7382868372431856
BA2312	0.009127613554434	2.825309013031125
BA2316	0.0084282624369142	1.4556143440359677
BA2322	0.0178568853640951	0.5778669394911797
BA2325	0.0081506849315068	0.3704305266385226
BA2329	0.0087815428983417	1.2914385790858192
BA2334	0.0099639509733237	3.0420217053758387
BA2339	0.0048882480173035	0.1845446649019996
BA2344	0.0139077144917087	1.4976791837315269
BA2347	0.0055064888248017	0.2016489588486749
BA2348	0.0043727469358327	0.2803829821156838
BA2350	0.0045818312905551	0.1302840416364722
BA2354	0.0157534246575342	2.2292555693989
BA2355	0.0216312184571016	6.769646234677594
BA2357	0.0130569574621485	2.5397987011292624
BA2360	0.0196322999279019	2.587925202046506
BA2361	0.0122873107426099	2.7648452187439627
BA2363	0.0046250901225666	0.8755783748626754
BA2369	0.0189221341023792	2.4495999104332857
BA2374	0.0208489545782263	2.947232216938188
BA2375	0.0116131939437635	2.728819686556452
BA2376	0.0086265320836337	0.2710850200198065
BA2377	0.0481254506128334	0.3834748698842223
BA2379	0.0132227829848594	1.213049772227477
BA2385	0.0062310742609949	1.2952427711997638
BA2386	0.0189491708723864	5.191029550199952
BA2387	0.0169881038211968	3.733788646754631
BA2394	0.0097242249459264	2.015666210936633
BA2399	0.0148125450612833	2.3991575955365008
BA2400	0.0313842826243691	5.482620111643571
BA2402	0.0125630857966834	1.9498076585790372
BA2405	0.0074134823359769	1.2771015503113743
BA2406	0.0122512617159336	0.9403810871550948
BA2409	0.0120385724585436	0.963784434643446
BA2410	0.0260958904109589	1.1699182008640934
BA2412	0.0044754866618601	0.607006596319887
BA2413	0.0136788031723143	1.860476878803753
BA2414	0.0243258832011535	3.5227981321328383
BA2415	0.0047260273972602	1.4716484290440195
BA2417	0.0171773612112472	0.6863766555157755
BA2418	0.0077685652487382	1.6753132549202816
BA2420	0.0105136986301369	2.304518727777641
BA2421	0.0181596971881759	1.4774586817829969
BA2423	0.0107894736842105	0.8921538686882767
BA2425	0.0087941600576784	2.1259762153909474
BA2426	0.0100558759913482	1.0580320842568716
BA2427	0.0086571737563085	0.4501407609393465
BA2429	0.0106452775775054	2.0527143942492634
BA2440	0.01405010814708	3.351151363524744
BA2441	0.0184354722422494	3.6107920508491023
BA2442	0.0116095890410958	4.453284957537657
BA2446	0.0115392934390771	1.869597940764324
BA2449	0.0213698630136986	3.4141510734888088
BA2450	0.0162040374909877	2.841285947345243
BA2452	0.0252541456380677	2.514920417590074
BA2454	0.0121611391492429	1.948592753596774
BA2455	0.0087148521989906	0.7380505395807718
BA2456	0.0047837058399423	1.954422447044232
BA2459	0.0067934390771449	0.0577424339474465
BA2461	0.0103262436914203	1.6702614988581246
BA2463	0.0140356885364095	2.4527939384054083
BA2464	0.0198936553713049	3.723669786872114
BA2469	0.0165843547224224	1.920126737435068
BA2470	0.0112599134823359	1.71235657444372
BA2472	0.0163428262436914	2.768215020324478
BA2473	0.0219412400865176	4.716088563305515
BA2474	0.0123521989906272	2.2380824099369203
BA2477	0.025086517664023	4.592004990871772
BA2479	0.0077253064167267	0.9256885261093222
BA2480	0.023895097332372	1.9848958008665727
BA2481	0.0052072819033886	1.8892040205095333
BA2482	0.0118006488824801	1.7596540848305875
BA2483	0.0151604181687094	2.339759090804105
BA2485	0.0216672674837779	4.341604440553271
BA2488	0.0136697909156452	3.9959858649550544
BA2489	0.0131038211968276	3.357537931495954
BA2492	0.007577505407354	1.2605227923720637
BA2494	0.0152487382840663	3.4363356058021104
BA2496	0.0059769286229271	1.016715356755373
BA2497	0.0092682047584715	1.1769822593363173
BA2499	0.0128262436914203	2.940103500224704
BA2500	0.0246304974765681	3.895218727394901
BA2501	0.0150558759913482	2.08389204206671
BA2502	0.0097837058399423	0.8394094141451336
BA2505	0.0148648161499639	0.7230000313627833
BA2507	0.0108904109589041	3.235986192012541
BA2510	0.016472602739726	1.7716470149255306
BA2511	0.0059480894015861	1.6193551985067138
BA2512	0.0125036049026676	1.3608128873179206
BA2514	0.0112743330930064	2.7558135326126694
BA2515	0.0118655371304974	2.008500798480517
BA2520	0.0036265320836337	1.94595068113286
BA2521	0.0162959625090122	3.055129610786099
BA2523	0.0194394376351838	3.3323073407370445
BA2524	0.0125360490266762	0.2938523501070743
BA2525	0.0119700793078586	3.347647294535823
BA2526	0.0263968997837058	3.763540081044441
BA2528	0.0154992790194664	1.7925861013476307
BA2532	0.0165176640230713	0.5852122846056909
BA2534	0.0232516222062004	2.838752592003036
BA2538	0.012586517664023	1.0335152746306873
BA2539	0.0068961788031723	2.2110120824981334
BA2540	0.0125937274693583	2.125785197666362
BA2541	0.0059012256669069	1.8182555655562505
BA2545	0.0118186733958183	2.5668267890752503
BA2546	0.0096431146359048	1.672066872052982
BA2552	0.0384967555875991	6.115453460479183
BA2559	0.014059120403749	1.4278599580819948
BA2561	0.0080064888248017	1.7730601070347884
BA2563	0.0161067051189617	3.230643330884574
BA2564	0.0097710886806056	1.4812283947427032
BA2567	0.0041636625811103	1.426301854312132
BA2570	0.0145692141312184	3.1115909548919114
BA2575	0.0071935832732516	0.356702661611038
BA2577	0.0213626532083633	5.165668610084006
BA2579	0.0098648161499639	2.181544103351591
BA2583	0.0164635904830569	1.562199408005484
BA2584	0.0166005767844268	3.043352517186332
BA2587	0.0186751982696467	1.5779151515018386
BA2588	0.0140032444124008	1.8927676474508668
BA2589	0.0179704397981254	3.1616676086241733
BA2592	0.0183543619322278	6.410379807585013
BA2593	0.0048125450612833	1.2861672438466192
BA2594	0.0085021629416005	1.4761796818272908
BA2595	0.0101045421773612	2.186736898710992
BA2597	0.0188248017303532	5.840293347181981
BA2600	0.011598774333093	1.8987059585977744
BA2603	0.0146557317952415	4.213301538448299
BA2618	0.0207354001441961	2.718260556777823
BA2619	0.0106759192501802	2.392280490627442
BA2620	0.0146971881759192	0.8841006360538101
BA2621	0.009030281182408	1.4267614015855072
BA2622	0.0153731074260994	1.4537615773306465
BA2623	0.0129217736121124	3.5071478200544832
BA2629	0.0102992069214131	3.716154993663018
BA2631	0.0144736842105263	3.495028504081009
BA2634	0.0064221341023792	1.696902647762517
BA2636	0.008720259552992	1.493448098005723
BA2639	0.0137959625090122	2.2000162589446988
BA2644	0.0111986301369863	1.7138474091106624
BA2645	0.0217844268204758	2.2928460814836207
BA2646	0.0225540735400144	2.6846546248118943
BA2649	0.0211121124729632	2.39071622004165
BA2651	0.007761355443403	1.7161140707279248
BA2653	0.0130948089401586	4.457251843121231
BA2655	0.0299783705839942	10.498554353295544
BA2656	0.0079307858687815	2.9588154953222725
BA2657	0.0115537130497476	1.294133520920335
BA2658	0.0126622206200432	2.94470467736965
BA2659	0.0140519105984138	2.0690218415013586
BA2660	0.0080857966834895	1.2784929009120294
BA2662	0.0143330930064888	1.9501768807055735
BA2663	0.0116925018024513	1.0056430559033045
BA2667	0.0136445565969718	3.6846480701298288
BA2670	0.0059354722422494	0.6434061582121556
BA2674	0.0104379956741167	3.062275626528196
BA2675	0.0151568132660418	1.9279215692071352
BA2676	0.0147981254506128	3.979687276187933
BA2677	0.0095962509012256	2.214232883860212
BA2681	0.0056380677721701	1.9895867675035888
BA2682	0.012732516222062	1.399529843853121
BA2685	0.0221935832732516	5.656468360854538
BA2688	0.0081380677721701	3.611441909057543
BA2691	0.0082858687815428	1.8417772370522607
BA2694	0.0088482335976928	2.3207100852941798
BA2695	0.0070007209805335	1.0836891946100724
BA2697	0.0056218457101658	0.5226659604342084
BA2701	0.009388968997837	0.3728351118815082
BA2704	0.0232498197548666	3.805645703905276
BA2705	0.0289185291997116	2.6480830213276687
BA2707	0.0052000720980533	1.8186887416443245
BA2709	0.008352559480894	0.5170937541122997
BA2712	0.0131182408074981	1.3200157363186062
BA2714	0.0148071377072819	2.080929271089178
BA2715	0.0302505407354001	0.6615581820490823
BA2718	0.0331092285508291	5.00611274570003
BA2720	0.0045331651045421	5.521354666977374
BA2721	0.0158417447728911	2.461904686805897
BA2722	0.0155623648161499	3.761675355274196
BA2723	0.0153586878154289	4.594540063385263
BA2724	0.008516582552271	0.4974604548636419
BA2726	0.008866258111031	1.1085762017327627
BA2727	0.0105082912761355	1.540995197930649
BA2728	0.0145583994232155	2.432318528993432
BA2731	0.0071449170872386	0.7419374051028294
BA2733	0.006016582552271	0.9813713287880964
BA2735	0.0094772891131939	2.925062359258453
BA2737	0.0095133381398702	1.491409506059837
BA2742	0.0109138428262436	1.870274107320933
BA2744	0.0048918529199711	1.553352520341105
BA2746	0.0107534246575342	0.2329353362543232
BA2747	0.0102829848594087	3.060740469293105
BA2748	0.0250684931506849	2.852402270483479
BA2751	0.0057804614275414	2.935638021130815
BA2756	0.015416366258111	1.2741129410465932
BA2758	0.0097909156452775	1.4895791968884626
BA2760	0.0199783705839942	2.811110762344686
BA2762	0.0134895457822638	3.5833398882037653
BA2764	0.0110994953136265	1.3921466320418228
BA2765	0.0068673395818312	1.518044508967736
BA2769	0.0132498197548666	1.2543881101039198
BA2772	0.0075180245133381	0.7238692334664933
BA2775	0.0131074260994953	4.173769961021056
BA2776	0.0300306416726748	5.239988602455069
BA2778	0.0114708002883922	0.5595165147330017
BA2782	0.0080569574621485	1.4563941222032053
BA2786	0.0120547945205479	0.581509053887472
BA2787	0.0031254506128334	0.9471569438036178
BA2789	0.026472602739726	4.428246247876597
BA2791	0.0192880317231434	1.606382666144234
BA2792	0.0083723864455659	3.2276399849152035
BA2798	0.019176279740447	1.7055972580190226
BA2801	0.005706560922855	0.4241951025723444
BA2802	0.0085291997116077	2.755958357944761
BA2804	0.0094412400865176	1.2845730092104657
BA2806	0.0151315789473684	2.2859879665616925
BA2808	0.006452775775054	1.9005068623190189
BA2809	0.0128298485940879	2.925600255164329
BA2811	0.0167159336697909	2.0916114942780464
BA2812	0.006986301369863	0.8717017795917568
BA2813	0.0101748377793799	0.9475345970057044
BA2814	0.012141312184571	2.845261308930937
BA2816	0.0128983417447728	2.0609566373146437
BA2817	0.0133705839942321	3.3883568717382
BA2820	0.0195241528478731	1.2967648753187018
BA2821	0.0274477289113193	3.3084682385644397
BA2822	0.0146539293439077	5.400670636326549
BA2824	0.0203262436914203	3.105304919257565
BA2828	0.0093727469358327	0.8709549792549501
BA2829	0.0157137707281903	1.3149425795977732
BA2830	0.0076910598413842	1.5526723341400168
BA2832	0.0145367700072098	2.1511071820763523
BA2836	0.0119899062725306	1.7840411863480845
BA2837	0.0134246575342465	1.8888572481379464
BA2839	0.0310886806056236	1.7191613548037523
BA2840	0.0080533525594808	1.7670632791257468
BA2841	0.0249585436193222	5.585701976158166
BA2842	0.0069790915645277	0.4121448976700417
BA2843	0.0125991348233597	2.4609111185879198
BA2844	0.0165176640230713	3.047878100046377
BA2846	0.0267069214131218	2.8917971007289944
BA2850	0.0103568853640951	1.840548011266632
BA2851	0.0235832732516222	3.2458041447125083
BA2852	0.0104434030281182	2.08617781984928
BA2855	0.0142087238644556	2.0646708038878505
BA2856	0.0061751982696467	1.7390617854587327
BA2858	0.0095602018745493	2.1986898583189483
BA2860	0.0067519826964671	1.246973846769979
BA2861	0.0149585436193222	1.7999977617291891
BA2865	0.0138139870223503	2.3524929796252345
BA2866	0.0177505407354001	1.375082472011369
BA2867	0.0181416726748377	5.288720234212258
BA2868	0.022945205479452	1.749977666227832
BA2870	0.0288085796683489	2.596689023808284
BA2871	0.0117988464311463	1.6737414678619795
BA2872	0.011559120403749	1.8270908555965637
BA2876	0.0157948810382119	1.9365194976309443
BA2879	0.0138914924297043	2.6673751034468465
BA2880	0.0088518385003604	1.2451677525106266
BA2882	0.0111085075702956	0.7266978026089459
BA2883	0.0226189617880317	6.570734176032566
BA2885	0.0144754866618601	1.244614904270347
BA2887	0.0185832732516222	1.4234713409985853
BA2889	0.0001099495313626	0.0016060082296371
BA2893	0.0105371304974765	2.282487827702465
BA2901	0.0094160057678442	0.5969226838333641
BA2902	0.0132930785868781	2.645075623859797
BA2903	0.0040879596250901	0.1489454187336577
BA2904	0.0122098053352559	2.880380991620101
BA2905	0.0205587599134823	3.877604252474925
BA2906	0.0187761355443403	3.0304121795298338
BA2908	0.0214978370583994	3.099907218177853
BA2909	0.0079055515501081	1.909809373533439
BA2910	0.0172152126892573	1.5185965015713017
BA2911	0.0161535688536409	5.180067516549662
BA2914	0.0139798125450612	2.1342393744921235
BA2915	0.0079091564527757	2.695215891192012
BA2921	0.0102000720980533	1.511292193803552
BA2922	0.017528839221341	3.917624587786671
BA2923	0.0063229992790194	0.8205103527894391
BA2926	0.0152487382840663	3.5314819844028795
BA2928	0.0180551550108147	2.3626647782562915
BA2930	0.0134913482335976	0.9711768150350136
BA2932	0.0167591925018024	2.819500961801817
BA2934	0.0065338860850757	0.5747597354803984
BA2935	0.0084967555875991	1.5126817134148145
BA2937	0.0097638788752703	2.44295073913373
BA2939	0.0099242970439798	1.4729975478033746
BA2944	0.020232516222062	2.685375205193068
BA2947	0.0107516222062004	2.2218602987454563
BA2948	0.0091474405191059	1.1019492945290377
BA2950	0.0101117519826964	2.0466067748115067
BA2951	0.0080299206921413	1.5409386125554383
BA2952	0.0254001441961067	5.645932623083683
BA2953	0.0064059120403749	3.340359297061948
BA2955	0.0074098774333093	0.551755440949917
BA2956	0.0048413842826243	3.622855614518796
BA2962	0.0184571016582552	2.859264930653828
BA2970	0.0105118961788031	2.1092127460233856
BA2972	0.0217393655371304	2.34557409136274
BA2976	0.0060994953136265	1.4507581379310837
BA2978	0.0098107426099495	1.3603937387968936
BA2981	0.0137527036770007	1.6509212966525633
BA2984	0.0127253064167267	2.4611274735088084
BA2986	0.0124855803893294	2.6411843736600487
BA2989	0.018972602739726	4.367592386300985
BA2992	0.0137328767123287	1.5719769086120747
BA2993	0.0062509012256669	0.9996872253932648
BA2994	0.0163446286950252	1.419026797095066
BA2995	0.0128929343907714	2.551125703123132
BA2999	0.0155875991348233	2.92488631781478
BA3001	0.0230966113914924	4.203493658980027
BA3002	0.0170007209805335	2.2636421610334647
BA3004	0.0253803172314347	4.591642379417963
BA3006	0.0083777937995674	1.9054181789380809
BA3008	0.0010868781542898	0.4172810570661196
BA3009	0.0132912761355443	1.4749547294809089
BA3010	0.0096232876712328	0.6642753032046896
BA3011	0.0240374909877433	0.314403435665385
BA3013	0.0143240807498197	2.958590323765621
BA3023	0.0165969718817591	2.124534742695017
BA3025	0.0182480173035328	3.4279179644007383
BA3027	0.0054902667627974	0.949831116851098
BA3029	0.0092357606344628	2.8794209274377347
BA3030	0.0145746214852198	2.9266519683769574
BA3037	0.0189149242970439	1.2892864577175718
BA3038	0.0169196106705118	3.8008475921114018
BA3040	0.0160490266762797	2.811972342062097
BA3042	0.0222819033886085	2.6835459713095897
BA3043	0.0070421773612112	1.401027762089502
BA3049	0.0035255948089401	1.1672713415645024
BA3051	0.0110310021629416	1.039804223778721
BA3053	0.0164708002883922	3.113837674231265
BA3064	0.0178640951694304	2.126165558879592
BA3067	0.0239329488103821	2.316946970553241
BA3068	0.0234066330209084	2.2218450069464657
BA3070	0.0086355443403028	0.8548439252972088
BA3071	0.0194971160778659	3.639372936098999
BA3072	0.021346431146359	4.7412426248259445
BA3075	0.0129073540014419	1.8663499722874068
BA3076	0.0033759913482335	0.1626076098794439
BA3077	0.0144196106705118	1.648907049426839
BA2040	0.0086806056236481	1.9155130387332675
BA2160	0.0166672674837779	4.7776266682167625
BA2303	0.0109228550829127	1.3485047621424957
BA2353	0.0162563085796683	5.572473230173968
BA2516	0.0162851478010093	1.7060152188892723
BA2590	0.0327685652487382	3.596394240065104
BA2647	0.0120223503965392	1.7860223394402266
BA2891	0.009543979812545	0.3238893164164301
BA2924	0.0133219178082191	2.220024556034422
BA2971	0.0093204758471521	3.411496197987851
BA3036	0.0145259552992069	2.629162837151292
BA3059	0.015571377072819	1.170382668203024
BA3073	0.0136878154289834	2.404389565278721
BA3078	0.0171070656092285	6.964442073424048
BA3079	0.0097873107426099	0.9887182835121248
BA3083	0.0143294881038211	3.2309698131175204
BA3084	0.0100558759913482	3.559576318964077
BA3085	0.0095872386445565	1.419498382711447
BA3087	0.0460724585436193	12.083290418558438
BA3089	0.0248864455659697	3.896620198044157
BA3094	0.0194214131218457	1.740660833920353
BA3095	0.0163680605623648	6.884488308603797
BA3098	0.0141834895457822	2.2217342617418083
BA3099	0.0234228550829127	5.43806712554658
BA3103	0.0260598413842826	2.2728028295003297
BA3108	0.0228857245854361	14.188482230557296
BA3109	0.0128082191780821	2.971237088639869
BA3110	0.0175684931506849	3.4551156101363034
BA3114	0.0120421773612112	2.6864013808153326
BA3116	0.0108183129055515	1.6998488431806325
BA3117	0.030697548666186	3.987113227869628
BA3118	0.0119214131218457	1.3762676334422794
BA3119	0.0342880317231434	5.511554755105723
BA3123	0.0154091564527757	3.227657545252449
BA3124	0.0086968276856524	3.735056265760864
BA3126	0.0155641672674837	0.7479099191980629
BA3128	0.0190338860850757	1.921277346589936
BA3130	0.0098792357606344	0.61915369304162
BA3133	0.0151586157173756	6.659478999079629
BA3135	0.0262274693583273	5.533894169945613
BA3136	0.015542537851478	3.0668249013612905
BA3137	0.0138572458543619	1.592657703538519
BA3138	0.0158543619322278	1.8013397595088716
BA3139	0.0150522710886806	5.597895478809273
BA3141	0.0224477289113193	4.2399440930443015
BA3142	0.0263806777217015	5.603703426736985
BA3145	0.0116618601297764	9.004678885772467
BA3146	0.0169232155731795	1.8640550524190556
BA3149	0.0144826964671953	3.123286551556001
BA3152	0.0138248017303532	2.4027632564269195
BA3153	0.0316888968997837	4.116261554678923
BA3154	0.0201856524873828	2.280283017358552
BA3156	0.0050630857966834	2.264975043684509
BA3157	0.0243006488824801	4.136297524015736
BA3158	0.015192862292718	3.5731919330024464
BA3162	0.0246665465032444	1.8884071422425768
BA3163	0.0108471521268925	1.274647909863565
BA3164	0.0192736121124729	3.645939744438264
BA3167	0.0217844268204758	0.5183432638562786
BA3169	0.0142862292718096	2.062413583805335
BA3171	0.0217898341744772	2.52472380751602
BA3173	0.0176514059120403	1.273261179284615
BA3174	0.0074242970439798	1.5376274638900602
BA3175	0.0070782263878875	1.0361443565242523
BA3176	0.0175648882480173	4.644811257424362
BA3177	0.0181578947368421	5.541229045464224
BA3178	0.018866258111031	3.1054564237459354
BA3180	0.0314023071377072	12.30074536648027
BA3181	0.0079632299927901	1.3629994527088585
BA3182	0.0166888968997837	2.704142345080648
BA3183	0.0248089401586157	2.8350603397580003
BA3185	0.0126496034607065	5.847547533912079
BA3186	0.0253749098774333	8.723763418267474
BA3187	0.0107930785868781	1.892965192533416
BA3189	0.0150558759913482	2.9944815979270327
BA3190	0.0103731074260994	1.2547147715270468
BA3191	0.0097116077865897	1.2998523777384354
BA3192	0.016888968997837	3.5091182032564463
BA3194	0.0324909877433309	3.9464238141429857
BA3195	0.0149477289113193	2.859700050907696
BA3197	0.0242429704397981	5.329631879371487
BA3199	0.025270367700072	5.297049892658325
BA3200	0.0230785868781542	5.03338425444253
BA3202	0.0192880317231434	5.018781599113698
BA3203	0.0158597692862292	2.8897608811665023
BA3206	0.0162743330930064	4.657436338414726
BA3207	0.0133020908435472	2.08880716703535
BA3208	0.0090915645277577	3.068761111838753
BA3210	0.0217123287671232	3.582581315707124
BA3211	0.0179812545061283	2.692445092642391
BA3212	0.0332281903388608	17.014022413894686
BA3213	0.0166149963950973	2.1045341039325045
BA3214	0.009592645998558	2.570459844188895
BA3216	0.0157137707281903	2.015864011808844
BA3217	0.0261878154289834	2.6875563912504425
BA3219	0.0107354001441961	2.4699795433186824
BA3221	0.0088698630136986	0.983939000871886
BA3222	0.0215771449170872	5.125473076853927
BA3225	0.0116240086517664	1.4655780685308513
BA3226	0.0166204037490987	4.776235014982121
BA3227	0.0285291997116077	5.0554604160229255
BA3228	0.0207173756308579	2.8809693195156503
BA3229	0.0180821917808219	5.540613104980001
BA3230	0.0169899062725306	2.39521133157829
BA3232	0.0152343186733958	2.9303810186042702
BA3234	0.0154217736121124	1.3497557769588406
BA3235	0.0098558038932948	0.6068279811792655
BA3237	0.013042537851478	2.5219450982994047
BA3240	0.0435886806056236	8.220294236914022
BA3242	0.0128731074260994	2.120929815275198
BA3243	0.0143330930064888	1.8958367669339533
BA3245	0.0212076423936553	6.9421959399399125
BA3249	0.0218637346791636	2.5519579287836205
BA3250	0.0191041816870944	2.709542367221453
BA3251	0.0130353280461427	2.380835185212097
BA3255	0.0108309300648882	3.639004115711525
BA3258	0.0105461427541456	2.12829592500282
BA3260	0.0103064167267483	1.8545017003330304
BA3261	0.0220511896178803	2.71510004294208
BA3264	0.029127613554434	5.909066808001801
BA3266	0.0226856524873828	4.196774079453059
BA3268	0.0360526315789473	11.563219646388378
BA3269	0.0187328767123287	7.250033625868891
BA3270	0.0144881038211968	2.37211477239304
BA3271	0.02060021629416	3.772905707941137
BA3273	0.0321178803172314	6.033088981330503
BA3275	0.028923936553713	3.2045171672642634
BA3277	0.0209318673395818	4.615338871103756
BA3280	0.020474044700793	3.344279336605524
BA3283	0.0126387887527036	1.8322003241443672
BA3285	0.0137274693583273	3.6156273352411006
BA3286	0.0178496755587599	5.101605189920349
BA3289	0.00443763518385	0.6624792751433168
BA3290	0.012072819033886	2.123774847764423
BA3293	0.0246773612112472	7.839397517947796
BA3295	0.0183255227108868	2.413863869511817
BA3296	0.0086697909156452	1.4498345854358283
BA3297	0.029592645998558	7.039276822996079
BA3299	0.0119646719538572	1.884711871010419
BA3300	0.0211211247296323	3.2043664648672885
BA3302	0.0303640951694304	6.283418731036109
BA3305	0.0147007930785868	2.1896816365722267
BA3306	0.0206741167988464	1.8119793015835792
BA3308	0.0207624369142033	3.056419478788613
BA3310	0.0220061283345349	4.185554798743858
BA3311	0.0114113193943763	2.235000813680556
BA3312	0.0251261715933669	4.095532920323281
BA3315	0.0143006488824801	5.303592781492822
BA3317	0.0217303532804614	2.827016908305102
BA3318	0.0297746935832732	3.705161482933927
BA3319	0.0158723864455659	1.4660764889097373
BA3322	0.0114095169430425	3.987913329033392
BA3324	0.0199585436193222	2.966552151055411
BA3325	0.008613914924297	3.7445547075989207
BA3326	0.0136049026676279	0.7107891198327447
BA3328	0.0238320115356885	6.074765859036405
BA3329	0.0240699351117519	7.04429426301025
BA3332	0.0214257390050468	4.351245843521515
BA3333	0.0258345349675558	7.086566224552218
BA3334	0.0063284066330209	0.2687540573471413
BA3335	0.0219340302811824	4.293546660442365
BA3339	0.0081434751261715	2.443808524402304
BA3341	0.0315843547224224	7.647982163756664
BA3345	0.0086535688536409	1.9633904715022288
BA3347	0.0091204037490987	1.0984757661744071
BA3351	0.02288752703677	5.08461993308024
BA3352	0.0120475847152126	2.7891397949636936
BA3353	0.0246917808219178	9.595567126792584
BA3357	0.0200486661860129	3.735788550529824
BA3362	0.0155894015861571	2.280357990072049
BA3367	0.0081957462148521	0.8298984712201656
BA3369	0.0196160778658976	3.640095384583054
BA3371	0.0122458543619322	1.5891899452975276
BA3373	0.0306218457101658	5.7213897255474375
BA3374	0.0103550829127613	3.0321418277891428
BA3375	0.0152433309300648	3.595115895149286
BA3376	0.0162545061283345	4.712716539109982
BA3379	0.0181542898341744	3.625478005530377
BA3380	0.0142591925018024	3.154297134312611
BA3381	0.0167501802451333	2.085874055369825
BA3384	0.0072999279019466	2.362045041407366
BA3385	0.0116690699351117	1.8051982916293376
BA3386	0.0239509733237202	4.889463270835393
BA3388	0.0093096611391492	1.833878670970531
BA3390	0.0079866618601297	0.4449804289818093
BA3394	0.0117916366258111	3.124960521596871
BA3395	0.0144935111751982	1.6610108200914695
BA3397	0.0168493150684931	1.8736253381599808
BA3399	0.0047422494592646	1.5955268567836665
BA3400	0.0321106705118961	3.935550686943448
BA3403	0.0235742609949531	4.180809302475799
BA3405	0.0131092285508291	1.6981429967094863
BA3406	0.0152865897620764	2.5424504576080587
BA3407	0.0167718096611391	2.375285295812229
BA3408	0.0113987022350396	1.8297256806606932
BA3410	0.015310021629416	1.6064207183620391
BA3411	0.0167411679884643	3.243486539344099
BA3412	0.0209841384282624	2.3589251947493084
BA3413	0.0226099495313626	4.751400349422599
BA3415	0.0468709444844989	8.333811717666405
BA3416	0.0243979812545061	5.461980917388638
BA3417	0.0155136986301369	2.186030020843504
BA3418	0.0136211247296322	1.91434498077695
BA3421	0.0068943763518385	0.6883474697026009
BA3422	0.025726387887527	2.841821099392518
BA3423	0.0239113193943763	2.108689081063542
BA3427	0.0089401586157173	1.970404935707493
BA3430	0.0045998558038932	0.4096185255201116
BA3431	0.0114131218457101	1.0058820587277018
BA3433	0.0253460706560922	7.400677279937192
BA3434	0.0106434751261715	2.7156183150248747
BA3435	0.0162527036770007	3.137375253339658
BA3436	0.0194935111751982	5.228519985209855
BA3438	0.026249098774333	4.30038939323841
BA3445	0.0117375630857966	3.006478424814073
BA3446	0.0113987022350396	4.235161597303619
BA3447	0.0030984138428262	2.225611859062462
BA3448	0.0086860129776496	3.444100801327942
BA3449	0.0130155010814708	4.457308025123556
BA3450	0.0171034607065609	5.047665516266598
BA3451	0.0128244412400865	1.1182877769404185
BA3452	0.0115663302090843	1.929697899892933
BA3453	0.0135562364816149	4.260663319876775
BA3454	0.0264077144917087	6.499377602323834
