	ABL1	MSH2
BA2000	0.0146845710165825	0.0540194489465154
BA2003	0.0095313626532083	0.0118833063209076
BA2004	0.0112418889689978	0.0208525121555915
BA2006	0.0060003604902667	0.0008006482982171
BA2011	0.0100919250180245	0.0040032414910859
BA2019	0.0196629416005767	0.0573646677471636
BA2020	0.0263392213410237	0.075416531604538
BA2022	0.0168979812545061	0.0365705024311183
BA2023	0.0098017303532804	0.0083598055105348
BA2024	0.0110868781542898	0.0156985413290113
BA2025	0.0185724585436193	0.0333419773095624
BA2031	0.0146377072819033	0.0258800648298217
BA2032	0.0132462148521989	0.0062009724473257
BA2033	0.0081723143475126	0.0037763371150729
BA2034	0.0197494592645998	0.0277698541329011
BA2035	0.0183687815428983	0.0266969205834683
BA2036	0.0147530641672674	0.0301296596434359
BA2037	0.0234264599855803	0.069870340356564
BA2041	0.01598774333093	0.0181393841166936
BA2044	0.0127793799567411	0.0307811993517017
BA2046	0.0203460706560922	0.008580226904376
BA2047	0.0213968997837058	0.0314068071312803
BA2050	0.0107462148521989	0.0176693679092382
BA2051	0.0223882480173035	0.0037309562398703
BA2052	0.013585075702956	0.0163987034035656
BA2053	0.0078983417447728	0.0055591572123176
BA2054	0.0082660418168709	0.0261620745542949
BA2055	0.0044250180245133	0.0027552674230145
BA2063	0.033361571737563	0.0053063209076175
BA2065	0.0192790194664744	0.0386969205834683
BA2066	0.0210976928622927	0.0304473257698541
BA2068	0.0152397260273972	0.0106774716369529
BA2069	0.0120782263878875	0.0307001620745542
BA2072	0.0101243691420331	0.0224927066450567
BA2079	0.0053911319394376	0.0028330632090761
BA2080	0.0201568132660418	0.0119448946515397
BA2081	0.012382840663302	0.0155105348460291
BA2082	0.0226405912040374	0.0067552674230145
BA2087	0.0131452775775054	0.0044440842787682
BA2088	0.016995313626532	0.0107098865478119
BA2089	0.0200973323720259	0.0336952998379254
BA2093	0.0109012256669069	0.0443630470016207
BA2094	0.0125342465753424	0.0354554294975688
BA2095	0.0175198269646719	0.0337017828200972
BA2096	0.0067429704397981	0.0245640194489465
BA2097	0.0227577505407354	0.0270794165316045
BA2098	0.012664023071377	0.0097828200972447
BA2100	0.0066240086517664	0.0044894651539708
BA2101	0.0096467195385724	0.0113808752025931
BA2104	0.0069358327325162	0.0048168557536466
BA2106	0.0121449170872386	0.0106839546191247
BA2109	0.0096160778658976	0.0083338735818476
BA2110	0.005677721701514	0.008
BA2113	0.0232191780821917	0.0374294975688816
BA2116	0.0132804614275414	0.0104862236628849
BA2121	0.0142231434751261	0.0262495948136142
BA2122	0.0042213410237923	0.0023435980551053
BA2123	0.0203028118240807	0.0466547811993517
BA2124	0.0179434030281182	0.0408233387358184
BA2125	0.0150955299206921	0.043578606158833
BA2132	0.0178821196827685	0.0122755267423014
BA2133	0.0063211968276856	0.0023630470016207
BA2134	0.0074351117519826	0.0087811993517017
BA2135	0.0098558038932948	0.0133743922204213
BA2139	0.0064852198990627	0.0067779578606158
BA2143	0.0127180966113914	0.0120842787682333
BA2148	0.0149242970439798	0.0029043760129659
BA2153	0.0082390050468637	0.0334716369529983
BA2155	0.012382840663302	0.0193646677471636
BA2156	0.0208399423215573	0.0350891410048622
BA2162	0.0132804614275414	0.0245380875202593
BA2163	0.0161968276856524	0.0319222042139384
BA2168	0.0087941600576784	0.006482982171799
BA2169	0.0112076423936553	0.0095948136142625
BA2171	0.0253118240807498	0.051578606158833
BA2172	0.0166528478731074	0.0150275526742301
BA2174	0.0147224224945926	0.0394586709886547
BA2175	0.019388968997837	0.0144538087520259
BA2184	0.046326604181687	0.0969854132901134
BA2195	0.0100342465753424	0.0069918962722852
BA2198	0.0141474405191059	0.0432155591572123
BA2200	0.0183453496755587	0.0561880064829821
BA2201	0.0077883922134102	0.0168071312803889
BA2209	0.0153947368421052	0.0092739059967585
BA2211	0.0313320115356885	0.0490081037277147
BA2212	0.0161824080749819	0.0156337115072933
BA2217	0.0262707281903388	0.0324246353322528
BA2218	0.0069124008651766	0.007935170178282
BA2220	0.0089419610670511	0.0659611021069692
BA2221	0.0084661139149242	0.0177244732576985
BA2224	0.0088914924297043	0.0183565640194489
BA2226	0.0220944484498918	0.0360907617504051
BA2227	0.0209408795962509	0.0227358184764991
BA2228	0.0196377072819033	0.0217957860615883
BA2229	0.0153713049747656	0.0088978930307941
BA2233	0.0236860129776496	0.010868719611021
BA2234	0.0152505407354001	0.0459286871961102
BA2235	0.0130641672674837	0.0261134521880064
BA2236	0.018817591925018	0.0268881685575364
BA2239	0.0091726748377793	0.0142139384116693
BA2240	0.0207876712328767	0.0405899513776337
BA2242	0.0155587599134823	0.019481361426256
BA2244	0.0166348233597692	0.0213743922204213
BA2245	0.0197404470079307	0.0364019448946515
BA2248	0.00905010814708	0.0068978930307941
BA2249	0.012557678442682	0.0336045380875202
BA2251	0.0230894015861571	0.0409205834683954
BA2256	0.0136391492429704	0.021870340356564
BA2260	0.0076297764960346	0.0159611021069692
BA2261	0.0063482335976928	0.0078573743922204
BA2269	0.006685291997116	0.0025316045380875
BA2271	0.0136319394376351	0.0238346839546191
BA2272	0.01	0.0206807131280388
BA2273	0.0184607065609228	0.0185899513776337
BA2275	0.0184697188175919	0.0421491085899513
BA2276	0.0092519826964671	0.0172123176661264
BA2277	0.0193421052631578	0.0414294975688816
BA2280	0.0273449891852919	0.0464667747163695
BA2281	0.0179271809661139	0.0335688816855753
BA2282	0.0063031723143475	0.010418152350081
BA2286	0.0208507570295602	0.0296790923824959
BA2288	0.0124134823359769	0.0074035656401944
BA2292	0.0175486661860129	0.08645056726094
BA2294	0.0140573179524152	0.0309529983792544
BA2296	0.0239365537130497	0.0403987034035656
BA2300	0.0072584715212689	0.0702171799027552
BA2301	0.0100739005046863	0.0073484602917341
BA2302	0.0157948810382119	0.0073419773095623
BA2304	0.0063734679163662	0.0096693679092382
BA2306	0.0136121124729632	0.0281134521880064
BA2308	0.0117321557317952	0.0183922204213938
BA2309	0.0130984138428262	0.0391863857374392
BA2311	0.0107876712328767	0.0072544570502431
BA2312	0.009127613554434	0.0172479740680713
BA2316	0.0084282624369142	0.0154197730956239
BA2322	0.0178568853640951	0.0142009724473257
BA2325	0.0081506849315068	0.0050470016207455
BA2329	0.0087815428983417	0.0119448946515397
BA2334	0.0099639509733237	0.0086223662884927
BA2339	0.0048882480173035	0.0008946515397082
BA2344	0.0139077144917087	0.0411766612641815
BA2347	0.0055064888248017	0.0013322528363047
BA2348	0.0043727469358327	0.0015850891410048
BA2350	0.0045818312905551	0.0012965964343598
BA2354	0.0157534246575342	0.0406677471636953
BA2355	0.0216312184571016	0.0073938411669367
BA2357	0.0130569574621485	0.0129400324149108
BA2360	0.0196322999279019	0.0377277147487844
BA2361	0.0122873107426099	0.0082593192868719
BA2363	0.0046250901225666	0.0123176661264181
BA2369	0.0189221341023792	0.0092739059967585
BA2374	0.0208489545782263	0.0447163695299837
BA2375	0.0116131939437635	0.0262820097244732
BA2376	0.0086265320836337	0.0107293354943273
BA2377	0.0481254506128334	0.0067325769854132
BA2379	0.0132227829848594	0.0054003241491085
BA2385	0.0062310742609949	0.0054521880064829
BA2386	0.0189491708723864	0.0116466774716369
BA2387	0.0169881038211968	0.0262528363047001
BA2394	0.0097242249459264	0.0236596434359805
BA2399	0.0148125450612833	0.0241750405186385
BA2400	0.0313842826243691	0.0508816855753646
BA2402	0.0125630857966834	0.0215915721231766
BA2405	0.0074134823359769	0.0090145867098865
BA2406	0.0122512617159336	0.0130372771474878
BA2409	0.0120385724585436	0.0141199351701782
BA2410	0.0260958904109589	0.0104927066450567
BA2412	0.0044754866618601	0.0088816855753646
BA2413	0.0136788031723143	0.0159643435980551
BA2414	0.0243258832011535	0.0454327390599675
BA2415	0.0047260273972602	0.017546191247974
BA2417	0.0171773612112472	0.0035591572123176
BA2418	0.0077685652487382	0.0069497568881685
BA2420	0.0105136986301369	0.0242171799027552
BA2421	0.0181596971881759	0.011030794165316
BA2423	0.0107894736842105	0.003095623987034
BA2425	0.0087941600576784	0.0189043760129659
BA2426	0.0100558759913482	0.0085510534846029
BA2427	0.0086571737563085	0.0031474878444084
BA2429	0.0106452775775054	0.0226482982171799
BA2440	0.01405010814708	0.0278897893030794
BA2441	0.0184354722422494	0.0405510534846029
BA2442	0.0116095890410958	0.0325607779578606
BA2446	0.0115392934390771	0.0246645056726094
BA2449	0.0213698630136986	0.0171377633711507
BA2450	0.0162040374909877	0.0288006482982171
BA2452	0.0252541456380677	0.0375072933549432
BA2454	0.0121611391492429	0.0336790923824959
BA2455	0.0087148521989906	0.006320907617504
BA2456	0.0047837058399423	0.0017666126418152
BA2459	0.0067934390771449	0.0074035656401944
BA2461	0.0103262436914203	0.0206515397082658
BA2463	0.0140356885364095	0.0054748784440842
BA2464	0.0198936553713049	0.0267617504051863
BA2469	0.0165843547224224	0.0036855753646677
BA2470	0.0112599134823359	0.0184635332252836
BA2472	0.0163428262436914	0.0052803889789303
BA2473	0.0219412400865176	0.022739059967585
BA2474	0.0123521989906272	0.0218897893030794
BA2477	0.025086517664023	0.0703987034035656
BA2479	0.0077253064167267	0.0046223662884927
BA2480	0.023895097332372	0.0175105348460291
BA2481	0.0052072819033886	0.0092317666126418
BA2482	0.0118006488824801	0.0297115072933549
BA2483	0.0151604181687094	0.0292025931928687
BA2485	0.0216672674837779	0.0363468395461912
BA2488	0.0136697909156452	0.0264051863857374
BA2489	0.0131038211968276	0.0054781199351701
BA2492	0.007577505407354	0.0032512155591572
BA2494	0.0152487382840663	0.0081555915721231
BA2496	0.0059769286229271	0.0107455429497568
BA2497	0.0092682047584715	0.0171247974068071
BA2499	0.0128262436914203	0.01135170178282
BA2500	0.0246304974765681	0.0384602917341977
BA2501	0.0150558759913482	0.0391150729335494
BA2502	0.0097837058399423	0.0172025931928687
BA2505	0.0148648161499639	0.0123111831442463
BA2507	0.0108904109589041	0.0127617504051863
BA2510	0.016472602739726	0.0099611021069692
BA2511	0.0059480894015861	0.0034003241491085
BA2512	0.0125036049026676	0.0121782820097244
BA2514	0.0112743330930064	0.0112188006482982
BA2515	0.0118655371304974	0.0088816855753646
BA2520	0.0036265320836337	0.0107260940032414
BA2521	0.0162959625090122	0.0390437601296596
BA2523	0.0194394376351838	0.0377147487844408
BA2524	0.0125360490266762	0.0070988654781199
BA2525	0.0119700793078586	0.0043630470016207
BA2526	0.0263968997837058	0.0063987034035656
BA2528	0.0154992790194664	0.0301717990275526
BA2532	0.0165176640230713	0.011063209076175
BA2534	0.0232516222062004	0.0355721231766612
BA2538	0.012586517664023	0.0072382495948136
BA2539	0.0068961788031723	0.029805510534846
BA2540	0.0125937274693583	0.0055688816855753
BA2541	0.0059012256669069	0.0271572123176661
BA2545	0.0118186733958183	0.0323468395461912
BA2546	0.0096431146359048	0.0176142625607779
BA2552	0.0384967555875991	0.0205575364667747
BA2559	0.014059120403749	0.0111215559157212
BA2561	0.0080064888248017	0.0185380875202593
BA2563	0.0161067051189617	0.0438930307941653
BA2564	0.0097710886806056	0.0171896272285251
BA2567	0.0041636625811103	0.0039773095623987
BA2570	0.0145692141312184	0.0258411669367909
BA2575	0.0071935832732516	0.0117050243111831
BA2577	0.0213626532083633	0.0486191247974068
BA2579	0.0098648161499639	0.0230275526742301
BA2583	0.0164635904830569	0.0224343598055105
BA2584	0.0166005767844268	0.0231799027552674
BA2587	0.0186751982696467	0.0311734197730956
BA2588	0.0140032444124008	0.028191247974068
BA2589	0.0179704397981254	0.0041685575364667
BA2592	0.0183543619322278	0.0418606158833063
BA2593	0.0048125450612833	0.0049043760129659
BA2594	0.0085021629416005	0.0187423014586709
BA2595	0.0101045421773612	0.0065413290113452
BA2597	0.0188248017303532	0.0030696920583468
BA2600	0.011598774333093	0.0087844408427876
BA2603	0.0146557317952415	0.0394424635332252
BA2618	0.0207354001441961	0.0293387358184765
BA2619	0.0106759192501802	0.0243760129659643
BA2620	0.0146971881759192	0.0250372771474878
BA2621	0.009030281182408	0.011740680713128
BA2622	0.0153731074260994	0.018998379254457
BA2623	0.0129217736121124	0.0475105348460291
BA2629	0.0102992069214131	0.0267747163695299
BA2631	0.0144736842105263	0.0302917341977309
BA2634	0.0064221341023792	0.0083662884927066
BA2636	0.008720259552992	0.0116920583468395
BA2639	0.0137959625090122	0.0432641815235008
BA2644	0.0111986301369863	0.0172771474878444
BA2645	0.0217844268204758	0.0050664505672609
BA2646	0.0225540735400144	0.0375040518638573
BA2649	0.0211121124729632	0.0378444084278768
BA2651	0.007761355443403	0.0076693679092382
BA2653	0.0130948089401586	0.0197828200972447
BA2655	0.0299783705839942	0.0986515397082657
BA2656	0.0079307858687815	0.0073322528363047
BA2657	0.0115537130497476	0.0229367909238249
BA2658	0.0126622206200432	0.01535170178282
BA2659	0.0140519105984138	0.0212739059967585
BA2660	0.0080857966834895	0.0165056726094003
BA2662	0.0143330930064888	0.0293322528363047
BA2663	0.0116925018024513	0.0086709886547811
BA2667	0.0136445565969718	0.023546191247974
BA2670	0.0059354722422494	0.0067520259319286
BA2674	0.0104379956741167	0.0219416531604538
BA2675	0.0151568132660418	0.0340972447325769
BA2676	0.0147981254506128	0.0243630470016207
BA2677	0.0095962509012256	0.0189238249594813
BA2681	0.0056380677721701	0.0317471636952998
BA2682	0.012732516222062	0.0137017828200972
BA2685	0.0221935832732516	0.0190664505672609
BA2688	0.0081380677721701	0.0055656401944894
BA2691	0.0082858687815428	0.0133776337115072
BA2694	0.0088482335976928	0.0063435980551053
BA2695	0.0070007209805335	0.001290113452188
BA2697	0.0056218457101658	0.0037893030794165
BA2701	0.009388968997837	0.0047844408427876
BA2704	0.0232498197548666	0.0398184764991896
BA2705	0.0289185291997116	0.0113063209076175
BA2707	0.0052000720980533	0.009095623987034
BA2709	0.008352559480894	0.0095299837925445
BA2712	0.0131182408074981	0.0156726094003241
BA2714	0.0148071377072819	0.032320907617504
BA2715	0.0302505407354001	0.0059124797406807
BA2718	0.0331092285508291	0.0468168557536466
BA2720	0.0045331651045421	0.0172155591572123
BA2721	0.0158417447728911	0.0244602917341977
BA2722	0.0155623648161499	0.0427455429497568
BA2723	0.0153586878154289	0.0096175040518638
BA2724	0.008516582552271	0.0037536466774716
BA2726	0.008866258111031	0.0073484602917341
BA2727	0.0105082912761355	0.0352220421393841
BA2728	0.0145583994232155	0.0281296596434359
BA2731	0.0071449170872386	0.0041977309562398
BA2733	0.006016582552271	0.0037828200972447
BA2735	0.0094772891131939	0.0239546191247974
BA2737	0.0095133381398702	0.0045056726094003
BA2742	0.0109138428262436	0.0216531604538087
BA2744	0.0048918529199711	0.0129205834683954
BA2746	0.0107534246575342	0.0113776337115072
BA2747	0.0102829848594087	0.0130178282009724
BA2748	0.0250684931506849	0.0597341977309562
BA2751	0.0057804614275414	0.0243435980551053
BA2756	0.015416366258111	0.007805510534846
BA2758	0.0097909156452775	0.0087682333873581
BA2760	0.0199783705839942	0.0166969205834683
BA2762	0.0134895457822638	0.0107423014586709
BA2764	0.0110994953136265	0.0176726094003241
BA2765	0.0068673395818312	0.0160518638573743
BA2769	0.0132498197548666	0.0085542949756888
BA2772	0.0075180245133381	0.0083176661264181
BA2775	0.0131074260994953	0.0310048622366288
BA2776	0.0300306416726748	0.0559643435980551
BA2778	0.0114708002883922	0.0065996758508914
BA2782	0.0080569574621485	0.0175429497568881
BA2786	0.0120547945205479	0.0236012965964343
BA2787	0.0031254506128334	0.0053322528363047
BA2789	0.026472602739726	0.0470534846029173
BA2791	0.0192880317231434	0.0106320907617504
BA2792	0.0083723864455659	0.020223662884927
BA2798	0.019176279740447	0.0130923824959481
BA2801	0.005706560922855	0.0074748784440842
BA2802	0.0085291997116077	0.0267909238249594
BA2804	0.0094412400865176	0.014158833063209
BA2806	0.0151315789473684	0.0147487844408427
BA2808	0.006452775775054	0.0097439222042139
BA2809	0.0128298485940879	0.0335072933549432
BA2811	0.0167159336697909	0.0271896272285251
BA2812	0.006986301369863	0.0227358184764991
BA2813	0.0101748377793799	0.0102398703403565
BA2814	0.012141312184571	0.021740680713128
BA2816	0.0128983417447728	0.0074846029173419
BA2817	0.0133705839942321	0.0046482982171799
BA2820	0.0195241528478731	0.0263144246353322
BA2821	0.0274477289113193	0.0700583468395461
BA2822	0.0146539293439077	0.01812641815235
BA2824	0.0203262436914203	0.0205575364667747
BA2828	0.0093727469358327	0.0136142625607779
BA2829	0.0157137707281903	0.0444862236628849
BA2830	0.0076910598413842	0.0204246353322528
BA2832	0.0145367700072098	0.0263306320907617
BA2836	0.0119899062725306	0.0056952998379254
BA2837	0.0134246575342465	0.0313743922204214
BA2839	0.0310886806056236	0.0066320907617504
BA2840	0.0080533525594808	0.0185380875202593
BA2841	0.0249585436193222	0.0149173419773095
BA2842	0.0069790915645277	0.0020875202593192
BA2843	0.0125991348233597	0.0075526742301458
BA2844	0.0165176640230713	0.0205769854132901
BA2846	0.0267069214131218	0.0184051863857374
BA2850	0.0103568853640951	0.0106385737439222
BA2851	0.0235832732516222	0.0421653160453808
BA2852	0.0104434030281182	0.0045316045380875
BA2855	0.0142087238644556	0.007837925445705
BA2856	0.0061751982696467	0.0030372771474878
BA2858	0.0095602018745493	0.0212868719611021
BA2860	0.0067519826964671	0.0192285251215559
BA2861	0.0149585436193222	0.0270826580226904
BA2865	0.0138139870223503	0.0253160453808752
BA2866	0.0177505407354001	0.0437309562398703
BA2867	0.0181416726748377	0.0122333873581847
BA2868	0.022945205479452	0.0405769854132901
BA2870	0.0288085796683489	0.0421750405186385
BA2871	0.0117988464311463	0.0150761750405186
BA2872	0.011559120403749	0.0398573743922204
BA2876	0.0157948810382119	0.0025121555915721
BA2879	0.0138914924297043	0.0047001620745542
BA2880	0.0088518385003604	0.0224084278768233
BA2882	0.0111085075702956	0.010547811993517
BA2883	0.0226189617880317	0.00890113452188
BA2885	0.0144754866618601	0.0197633711507293
BA2887	0.0185832732516222	0.0401620745542949
BA2889	0.0001099495313626	0.0002074554294975
BA2893	0.0105371304974765	0.0281296596434359
BA2901	0.0094160057678442	0.0041717990275526
BA2902	0.0132930785868781	0.0084927066450567
BA2903	0.0040879596250901	0.0013257698541329
BA2904	0.0122098053352559	0.0364667747163695
BA2905	0.0205587599134823	0.0159967585089141
BA2906	0.0187761355443403	0.0355623987034035
BA2908	0.0214978370583994	0.0341134521880064
BA2909	0.0079055515501081	0.0130340356564019
BA2910	0.0172152126892573	0.0186288492706645
BA2911	0.0161535688536409	0.0328525121555915
BA2914	0.0139798125450612	0.0219611021069692
BA2915	0.0079091564527757	0.0033387358184764
BA2921	0.0102000720980533	0.0042139384116693
BA2922	0.017528839221341	0.0338606158833063
BA2923	0.0063229992790194	0.0103111831442463
BA2926	0.0152487382840663	0.0388816855753646
BA2928	0.0180551550108147	0.0414910858995137
BA2930	0.0134913482335976	0.0150534846029173
BA2932	0.0167591925018024	0.0448946515397082
BA2934	0.0065338860850757	0.0035397082658022
BA2935	0.0084967555875991	0.0080388978930307
BA2937	0.0097638788752703	0.0254262560777957
BA2939	0.0099242970439798	0.0118411669367909
BA2944	0.020232516222062	0.0464343598055105
BA2947	0.0107516222062004	0.0187293354943273
BA2948	0.0091474405191059	0.010706645056726
BA2950	0.0101117519826964	0.0190534846029173
BA2951	0.0080299206921413	0.0317925445705024
BA2952	0.0254001441961067	0.0266094003241491
BA2953	0.0064059120403749	0.009740680713128
BA2955	0.0074098774333093	0.0066094003241491
BA2956	0.0048413842826243	0.0027585089141004
BA2962	0.0184571016582552	0.0369594813614262
BA2970	0.0105118961788031	0.0115397082658022
BA2972	0.0217393655371304	0.0159740680713128
BA2976	0.0060994953136265	0.0234457050243111
BA2978	0.0098107426099495	0.0168136142625607
BA2981	0.0137527036770007	0.0090210696920583
BA2984	0.0127253064167267	0.0136272285251215
BA2986	0.0124855803893294	0.0342625607779578
BA2989	0.018972602739726	0.0108881685575364
BA2992	0.0137328767123287	0.0087844408427876
BA2993	0.0062509012256669	0.0099902755267423
BA2994	0.0163446286950252	0.0149562398703403
BA2995	0.0128929343907714	0.0035040518638573
BA2999	0.0155875991348233	0.0233970826580226
BA3001	0.0230966113914924	0.046
BA3002	0.0170007209805335	0.0297763371150729
BA3004	0.0253803172314347	0.0321782820097244
BA3006	0.0083777937995674	0.0266385737439222
BA3008	0.0010868781542898	0.0007520259319286
BA3009	0.0132912761355443	0.0440810372771474
BA3010	0.0096232876712328	0.0127552674230145
BA3011	0.0240374909877433	0.0132706645056726
BA3013	0.0143240807498197	0.0411312803889789
BA3023	0.0165969718817591	0.0099546191247974
BA3025	0.0182480173035328	0.0339773095623987
BA3027	0.0054902667627974	0.0037147487844408
BA3029	0.0092357606344628	0.0058541329011345
BA3030	0.0145746214852198	0.0496045380875202
BA3037	0.0189149242970439	0.0060907617504051
BA3038	0.0169196106705118	0.0420324149108589
BA3040	0.0160490266762797	0.0364246353322528
BA3042	0.0222819033886085	0.0291863857374392
BA3043	0.0070421773612112	0.0129238249594813
BA3049	0.0035255948089401	0.0083079416531604
BA3051	0.0110310021629416	0.0077341977309562
BA3053	0.0164708002883922	0.0471085899513776
BA3064	0.0178640951694304	0.0259319286871961
BA3067	0.0239329488103821	0.0398833063209076
BA3068	0.0234066330209084	0.06212641815235
BA3070	0.0086355443403028	0.0110437601296596
BA3071	0.0194971160778659	0.0312998379254457
BA3072	0.021346431146359	0.0274910858995137
BA3075	0.0129073540014419	0.0062042139384116
BA3076	0.0033759913482335	0.0008006482982171
BA3077	0.0144196106705118	0.0164213938411669
BA2040	0.0086806056236481	0.0103047001620745
BA2160	0.0166672674837779	0.0334586709886547
BA2303	0.0109228550829127	0.0157957860615883
BA2353	0.0162563085796683	0.0553063209076175
BA2516	0.0162851478010093	0.0420064829821718
BA2590	0.0327685652487382	0.0342820097244732
BA2647	0.0120223503965392	0.0126774716369529
BA2891	0.009543979812545	0.0054781199351701
BA2924	0.0133219178082191	0.0152739059967585
BA2971	0.0093204758471521	0.0077698541329011
BA3036	0.0145259552992069	0.0244149108589951
BA3059	0.015571377072819	0.0035105348460291
BA3073	0.0136878154289834	0.0360129659643436
BA3078	0.0171070656092285	0.0550178282009724
BA3079	0.0097873107426099	0.0125186385737439
BA3083	0.0143294881038211	0.0419448946515397
BA3084	0.0100558759913482	0.0342949756888168
BA3085	0.0095872386445565	0.0183695299837925
BA3087	0.0460724585436193	0.0994100486223662
BA3089	0.0248864455659697	0.0430729335494327
BA3094	0.0194214131218457	0.0151377633711507
BA3095	0.0163680605623648	0.0351539708265802
BA3098	0.0141834895457822	0.0303403565640194
BA3099	0.0234228550829127	0.0856564019448946
BA3103	0.0260598413842826	0.0086936790923824
BA3108	0.0228857245854361	0.0586839546191248
BA3109	0.0128082191780821	0.003095623987034
BA3110	0.0175684931506849	0.0107811993517017
BA3114	0.0120421773612112	0.0222982171799027
BA3116	0.0108183129055515	0.008353322528363
BA3117	0.030697548666186	0.093708265802269
BA3118	0.0119214131218457	0.0074878444084278
BA3119	0.0342880317231434	0.068158833063209
BA3123	0.0154091564527757	0.0275040518638573
BA3124	0.0086968276856524	0.0185348460291734
BA3126	0.0155641672674837	0.0114359805510534
BA3128	0.0190338860850757	0.0154327390599675
BA3130	0.0098792357606344	0.0094716369529983
BA3133	0.0151586157173756	0.0701620745542949
BA3135	0.0262274693583273	0.0152965964343598
BA3136	0.015542537851478	0.0378184764991896
BA3137	0.0138572458543619	0.0259448946515397
BA3138	0.0158543619322278	0.0157017828200972
BA3139	0.0150522710886806	0.1699319286871961
BA3141	0.0224477289113193	0.0476823338735818
BA3142	0.0263806777217015	0.0360129659643436
BA3145	0.0116618601297764	0.0342820097244732
BA3146	0.0169232155731795	0.0376661264181523
BA3149	0.0144826964671953	0.0052382495948136
BA3152	0.0138248017303532	0.0420259319286872
BA3153	0.0316888968997837	0.007290113452188
BA3154	0.0201856524873828	0.0415980551053484
BA3156	0.0050630857966834	0.0457504051863857
BA3157	0.0243006488824801	0.0557374392220421
BA3158	0.015192862292718	0.0320907617504051
BA3162	0.0246665465032444	0.0111183144246353
BA3163	0.0108471521268925	0.0177050243111831
BA3164	0.0192736121124729	0.0783338735818476
BA3167	0.0217844268204758	0.0056564019448946
BA3169	0.0142862292718096	0.003030794165316
BA3171	0.0217898341744772	0.0384051863857374
BA3173	0.0176514059120403	0.0204246353322528
BA3174	0.0074242970439798	0.0055299837925445
BA3175	0.0070782263878875	0.0145348460291734
BA3176	0.0175648882480173	0.0458022690437601
BA3177	0.0181578947368421	0.0656077795786061
BA3178	0.018866258111031	0.0260453808752025
BA3180	0.0314023071377072	0.0280194489465153
BA3181	0.0079632299927901	0.0135429497568881
BA3182	0.0166888968997837	0.0372706645056726
BA3183	0.0248089401586157	0.0370567260940032
BA3185	0.0126496034607065	0.0094262560777957
BA3186	0.0253749098774333	0.0618541329011345
BA3187	0.0107930785868781	0.0169627228525121
BA3189	0.0150558759913482	0.1005445705024311
BA3190	0.0103731074260994	0.0170113452188006
BA3191	0.0097116077865897	0.0167196110210696
BA3192	0.016888968997837	0.0235072933549432
BA3194	0.0324909877433309	0.0595688816855753
BA3195	0.0149477289113193	0.021643435980551
BA3197	0.0242429704397981	0.0290729335494327
BA3199	0.025270367700072	0.1205834683954619
BA3200	0.0230785868781542	0.0416499189627228
BA3202	0.0192880317231434	0.0312706645056726
BA3203	0.0158597692862292	0.0061847649918962
BA3206	0.0162743330930064	0.0350826580226904
BA3207	0.0133020908435472	0.0225867098865478
BA3208	0.0090915645277577	0.0248103727714748
BA3210	0.0217123287671232	0.0078800648298217
BA3211	0.0179812545061283	0.0323273905996758
BA3212	0.0332281903388608	0.0707163695299838
BA3213	0.0166149963950973	0.0394262560777957
BA3214	0.009592645998558	0.0190275526742301
BA3216	0.0157137707281903	0.0143176661264181
BA3217	0.0261878154289834	0.0224927066450567
BA3219	0.0107354001441961	0.0132674230145867
BA3221	0.0088698630136986	0.0119902755267423
BA3222	0.0215771449170872	0.0711799027552674
BA3225	0.0116240086517664	0.0099643435980551
BA3226	0.0166204037490987	0.0393614262560777
BA3227	0.0285291997116077	0.0466742301458671
BA3228	0.0207173756308579	0.0661361426256077
BA3229	0.0180821917808219	0.0396596434359805
BA3230	0.0169899062725306	0.0443987034035656
BA3232	0.0152343186733958	0.0459481361426256
BA3234	0.0154217736121124	0.0212803889789303
BA3235	0.0098558038932948	0.01535170178282
BA3237	0.013042537851478	0.0297828200972447
BA3240	0.0435886806056236	0.0819902755267423
BA3242	0.0128731074260994	0.0240064829821718
BA3243	0.0143330930064888	0.0345445705024311
BA3245	0.0212076423936553	0.0065445705024311
BA3249	0.0218637346791636	0.0170502431118314
BA3250	0.0191041816870944	0.0394716369529983
BA3251	0.0130353280461427	0.019996758508914
BA3255	0.0108309300648882	0.0385056726094003
BA3258	0.0105461427541456	0.019481361426256
BA3260	0.0103064167267483	0.0077147487844408
BA3261	0.0220511896178803	0.0341296596434359
BA3264	0.029127613554434	0.0592414910858995
BA3266	0.0226856524873828	0.0601231766612641
BA3268	0.0360526315789473	0.063870340356564
BA3269	0.0187328767123287	0.0055915721231766
BA3270	0.0144881038211968	0.0414132901134521
BA3271	0.02060021629416	0.0461037277147487
BA3273	0.0321178803172314	0.0031539708265802
BA3275	0.028923936553713	0.026482982171799
BA3277	0.0209318673395818	0.0083695299837925
BA3280	0.020474044700793	0.0091766612641815
BA3283	0.0126387887527036	0.0109529983792544
BA3285	0.0137274693583273	0.1556466774716369
BA3286	0.0178496755587599	0.0491085899513776
BA3289	0.00443763518385	0.0030534846029173
BA3290	0.012072819033886	0.0364602917341977
BA3293	0.0246773612112472	0.0682074554294975
BA3295	0.0183255227108868	0.0519319286871961
BA3296	0.0086697909156452	0.0289951377633711
BA3297	0.029592645998558	0.047805510534846
BA3299	0.0119646719538572	0.0053257698541329
BA3300	0.0211211247296323	0.0481134521880064
BA3302	0.0303640951694304	0.0974651539708265
BA3305	0.0147007930785868	0.0181004862236628
BA3306	0.0206741167988464	0.0189270664505672
BA3308	0.0207624369142033	0.0285640194489465
BA3310	0.0220061283345349	0.0286094003241491
BA3311	0.0114113193943763	0.0248881685575364
BA3312	0.0251261715933669	0.0918314424635332
BA3315	0.0143006488824801	0.0417893030794165
BA3317	0.0217303532804614	0.060158833063209
BA3318	0.0297746935832732	0.0141880064829821
BA3319	0.0158723864455659	0.0230696920583468
BA3322	0.0114095169430425	0.0293452188006482
BA3324	0.0199585436193222	0.0618800648298217
BA3325	0.008613914924297	0.0141231766612641
BA3326	0.0136049026676279	0.0096077795786061
BA3328	0.0238320115356885	0.0387001620745542
BA3329	0.0240699351117519	0.0289173419773095
BA3332	0.0214257390050468	0.0592188006482982
BA3333	0.0258345349675558	0.0311799027552674
BA3334	0.0063284066330209	0.005643435980551
BA3335	0.0219340302811824	0.0148427876823338
BA3339	0.0081434751261715	0.0316175040518638
BA3341	0.0315843547224224	0.0052058346839546
BA3345	0.0086535688536409	0.0062917341977309
BA3347	0.0091204037490987	0.005967585089141
BA3351	0.02288752703677	0.056353322528363
BA3352	0.0120475847152126	0.0225348460291734
BA3353	0.0246917808219178	0.0640032414910859
BA3357	0.0200486661860129	0.0522042139384116
BA3362	0.0155894015861571	0.0485348460291734
BA3367	0.0081957462148521	0.0204570502431118
BA3369	0.0196160778658976	0.0508622366288492
BA3371	0.0122458543619322	0.0110210696920583
BA3373	0.0306218457101658	0.1041523500810372
BA3374	0.0103550829127613	0.0225672609400324
BA3375	0.0152433309300648	0.0289886547811993
BA3376	0.0162545061283345	0.043063209076175
BA3379	0.0181542898341744	0.0528557536466774
BA3380	0.0142591925018024	0.0179481361426256
BA3381	0.0167501802451333	0.0749303079416531
BA3384	0.0072999279019466	0.0368200972447325
BA3385	0.0116690699351117	0.032965964343598
BA3386	0.0239509733237202	0.0734165316045381
BA3388	0.0093096611391492	0.0120356564019448
BA3390	0.0079866618601297	0.0074521880064829
BA3394	0.0117916366258111	0.0537374392220421
BA3395	0.0144935111751982	0.0278119935170178
BA3397	0.0168493150684931	0.0598022690437601
BA3399	0.0047422494592646	0.0043306320907617
BA3400	0.0321106705118961	0.0158930307941653
BA3403	0.0235742609949531	0.0430923824959481
BA3405	0.0131092285508291	0.0104667747163695
BA3406	0.0152865897620764	0.0227682333873581
BA3407	0.0167718096611391	0.0147876823338735
BA3408	0.0113987022350396	0.0050437601296596
BA3410	0.015310021629416	0.0145996758508914
BA3411	0.0167411679884643	0.0374716369529983
BA3412	0.0209841384282624	0.0572123176661264
BA3413	0.0226099495313626	0.0384473257698541
BA3415	0.0468709444844989	0.1139189627228525
BA3416	0.0243979812545061	0.0491183144246353
BA3417	0.0155136986301369	0.0338897893030794
BA3418	0.0136211247296322	0.0069432739059967
BA3421	0.0068943763518385	0.0049951377633711
BA3422	0.025726387887527	0.0243824959481361
BA3423	0.0239113193943763	0.0160648298217179
BA3427	0.0089401586157173	0.0282139384116693
BA3430	0.0045998558038932	0.0057244732576985
BA3431	0.0114131218457101	0.0025769854132901
BA3433	0.0253460706560922	0.0136304700162074
BA3434	0.0106434751261715	0.0419999999999999
BA3435	0.0162527036770007	0.0383889789303079
BA3436	0.0194935111751982	0.043902755267423
BA3438	0.026249098774333	0.0287585089141004
BA3445	0.0117375630857966	0.0255980551053484
BA3446	0.0113987022350396	0.0222722852512155
BA3447	0.0030984138428262	0.0085251215559157
BA3448	0.0086860129776496	0.0351118314424635
BA3449	0.0130155010814708	0.049192868719611
BA3450	0.0171034607065609	0.0145964343598055
BA3451	0.0128244412400865	0.0197698541329011
BA3452	0.0115663302090843	0.0140648298217179
BA3453	0.0135562364816149	0.0105964343598055
BA3454	0.0264077144917087	0.0998897893030794
