	ABL1	PMS2
BA2000	0.0146845710165825	0.8205114868647727
BA2003	0.0095313626532083	0.511206245662547
BA2004	0.0112418889689978	0.5443394497424306
BA2006	0.0060003604902667	0.1718834324091908
BA2011	0.0100919250180245	0.4565598570965142
BA2019	0.0196629416005767	0.7521910327632322
BA2020	0.0263392213410237	1.7284648270310838
BA2022	0.0168979812545061	1.0825712442739135
BA2023	0.0098017303532804	0.445401703499271
BA2024	0.0110868781542898	0.8915353118669229
BA2025	0.0185724585436193	0.6923224577773314
BA2031	0.0146377072819033	0.8279210854745712
BA2032	0.0132462148521989	0.5510804318728619
BA2033	0.0081723143475126	0.2865199225235745
BA2034	0.0197494592645998	1.126406809728043
BA2035	0.0183687815428983	0.93783250611184
BA2036	0.0147530641672674	0.4823887346650357
BA2037	0.0234264599855803	0.6574814189556454
BA2041	0.01598774333093	0.4328636154352379
BA2044	0.0127793799567411	0.7566786162701764
BA2046	0.0203460706560922	0.7785242181252341
BA2047	0.0213968997837058	1.0206917911525326
BA2050	0.0107462148521989	0.3695265689212942
BA2051	0.0223882480173035	0.5918041026609739
BA2052	0.013585075702956	0.4557832010576882
BA2053	0.0078983417447728	0.3504934854642079
BA2054	0.0082660418168709	0.5528573884898026
BA2055	0.0044250180245133	0.1356417963848228
BA2063	0.033361571737563	1.185464298006797
BA2065	0.0192790194664744	0.8784865628719378
BA2066	0.0210976928622927	1.466734810201585
BA2068	0.0152397260273972	0.6014862766675596
BA2069	0.0120782263878875	0.8385091386823864
BA2072	0.0101243691420331	0.5736343041424015
BA2079	0.0053911319394376	0.3872945296724606
BA2080	0.0201568132660418	0.476080042662754
BA2081	0.012382840663302	0.4957772469487923
BA2082	0.0226405912040374	0.3310130564242152
BA2087	0.0131452775775054	0.5599077343250529
BA2088	0.016995313626532	0.2998155640131167
BA2089	0.0200973323720259	0.8226309061621938
BA2093	0.0109012256669069	0.7699546087700958
BA2094	0.0125342465753424	1.045837868691803
BA2095	0.0175198269646719	0.86486664784574
BA2096	0.0067429704397981	0.3711748867171734
BA2097	0.0227577505407354	1.505161133148951
BA2098	0.012664023071377	0.2980099062905422
BA2100	0.0066240086517664	0.4213215441822987
BA2101	0.0096467195385724	0.6549722623418025
BA2104	0.0069358327325162	0.4269520062769447
BA2106	0.0121449170872386	0.3729659261958754
BA2109	0.0096160778658976	0.304407862940253
BA2110	0.005677721701514	0.3402031029408774
BA2113	0.0232191780821917	0.9022803832356896
BA2116	0.0132804614275414	0.3523550835636846
BA2121	0.0142231434751261	0.8686225795829875
BA2122	0.0042213410237923	0.3526590734425684
BA2123	0.0203028118240807	0.5854791272653582
BA2124	0.0179434030281182	1.1104392395832805
BA2125	0.0150955299206921	0.715423444748481
BA2132	0.0178821196827685	0.6302660695047921
BA2133	0.0063211968276856	0.2933741428320208
BA2134	0.0074351117519826	0.352297997903974
BA2135	0.0098558038932948	0.3335400575495705
BA2139	0.0064852198990627	0.4952631026140647
BA2143	0.0127180966113914	0.515400001650834
BA2148	0.0149242970439798	0.2304881370571952
BA2153	0.0082390050468637	0.5322095006721335
BA2155	0.012382840663302	0.7056493903579254
BA2156	0.0208399423215573	0.950898086758578
BA2162	0.0132804614275414	0.3212898974066229
BA2163	0.0161968276856524	1.3328273986380714
BA2168	0.0087941600576784	0.4296236686800944
BA2169	0.0112076423936553	0.5525570249317008
BA2171	0.0253118240807498	1.2502611745818262
BA2172	0.0166528478731074	0.6333560209399607
BA2174	0.0147224224945926	0.7204452441314549
BA2175	0.019388968997837	0.5914788523018434
BA2184	0.046326604181687	2.136395467419977
BA2195	0.0100342465753424	0.3918194915821418
BA2198	0.0141474405191059	1.014761139654119
BA2200	0.0183453496755587	1.5600800856836838
BA2201	0.0077883922134102	0.5001021061866299
BA2209	0.0153947368421052	0.6020833937824416
BA2211	0.0313320115356885	1.3333915411603472
BA2212	0.0161824080749819	0.554583841603956
BA2217	0.0262707281903388	1.030409891232849
BA2218	0.0069124008651766	0.3805944743003741
BA2220	0.0089419610670511	0.3253103807797017
BA2221	0.0084661139149242	0.374515599161943
BA2224	0.0088914924297043	0.7540411813099145
BA2226	0.0220944484498918	1.4653537948716244
BA2227	0.0209408795962509	1.069456676352991
BA2228	0.0196377072819033	0.4159973768814986
BA2229	0.0153713049747656	0.9482154101859632
BA2233	0.0236860129776496	0.5506387208485549
BA2234	0.0152505407354001	0.9329180200759826
BA2235	0.0130641672674837	0.854090339421294
BA2236	0.018817591925018	1.0063690567743289
BA2239	0.0091726748377793	0.6505124007888855
BA2240	0.0207876712328767	1.4241830300484042
BA2242	0.0155587599134823	0.98131210725922
BA2244	0.0166348233597692	0.7566815393270196
BA2245	0.0197404470079307	1.0584935214501778
BA2248	0.00905010814708	0.4449902691822697
BA2249	0.012557678442682	0.8920173394868923
BA2251	0.0230894015861571	0.9869318616596934
BA2256	0.0136391492429704	0.5650820632538229
BA2260	0.0076297764960346	0.4137353970298498
BA2261	0.0063482335976928	0.2971380521584849
BA2269	0.006685291997116	0.2835740402030665
BA2271	0.0136319394376351	0.9434787803236844
BA2272	0.01	0.7554833669994342
BA2273	0.0184607065609228	0.5273576175751633
BA2275	0.0184697188175919	0.9987808422818192
BA2276	0.0092519826964671	0.4112695175447068
BA2277	0.0193421052631578	1.2379681296232363
BA2280	0.0273449891852919	1.5545592749197064
BA2281	0.0179271809661139	0.7999002895041359
BA2282	0.0063031723143475	0.8225926283120162
BA2286	0.0208507570295602	0.7335779090166638
BA2288	0.0124134823359769	0.4113537731034107
BA2292	0.0175486661860129	0.5789232477134648
BA2294	0.0140573179524152	0.8157621958174419
BA2296	0.0239365537130497	0.9556333575973418
BA2300	0.0072584715212689	1.4381615680401636
BA2301	0.0100739005046863	0.351093954000909
BA2302	0.0157948810382119	0.3851919430787739
BA2304	0.0063734679163662	0.3620427896550311
BA2306	0.0136121124729632	0.5215654987590905
BA2308	0.0117321557317952	0.2826447744081962
BA2309	0.0130984138428262	0.5432469321275393
BA2311	0.0107876712328767	0.442027373013692
BA2312	0.009127613554434	0.7836616805400372
BA2316	0.0084282624369142	0.5381802052752499
BA2322	0.0178568853640951	0.6675731286101693
BA2325	0.0081506849315068	0.3851960075058876
BA2329	0.0087815428983417	0.5190787860229358
BA2334	0.0099639509733237	0.4766079140687194
BA2339	0.0048882480173035	0.2283922478824477
BA2344	0.0139077144917087	0.758474012899369
BA2347	0.0055064888248017	0.1540940527490426
BA2348	0.0043727469358327	0.097405848734869
BA2350	0.0045818312905551	0.1434542468249743
BA2354	0.0157534246575342	0.8759312648015631
BA2355	0.0216312184571016	0.6039641747426221
BA2357	0.0130569574621485	0.2674971239812856
BA2360	0.0196322999279019	1.0762919093120518
BA2361	0.0122873107426099	0.4486931740020894
BA2363	0.0046250901225666	0.3013111443051452
BA2369	0.0189221341023792	0.5808186736163212
BA2374	0.0208489545782263	1.1854385429778505
BA2375	0.0116131939437635	0.4037044649529528
BA2376	0.0086265320836337	0.8626990211796368
BA2377	0.0481254506128334	1.9593092154197305
BA2379	0.0132227829848594	0.2253917768511707
BA2385	0.0062310742609949	0.2093019866358171
BA2386	0.0189491708723864	0.8076911061389005
BA2387	0.0169881038211968	1.3143152061683216
BA2394	0.0097242249459264	1.1347204506564
BA2399	0.0148125450612833	0.6537119718954103
BA2400	0.0313842826243691	1.6679835637063405
BA2402	0.0125630857966834	0.7672998960840188
BA2405	0.0074134823359769	0.323692960671714
BA2406	0.0122512617159336	0.2457894259853396
BA2409	0.0120385724585436	0.5957091569214618
BA2410	0.0260958904109589	1.1530355269426755
BA2412	0.0044754866618601	0.5398135635560127
BA2413	0.0136788031723143	0.2224894338271859
BA2414	0.0243258832011535	1.1294265946938364
BA2415	0.0047260273972602	0.370175728740239
BA2417	0.0171773612112472	0.2828551482810747
BA2418	0.0077685652487382	0.5068043214233001
BA2420	0.0105136986301369	0.6877633177663685
BA2421	0.0181596971881759	0.31850060975792
BA2423	0.0107894736842105	0.5110597167919256
BA2425	0.0087941600576784	0.9282028791958084
BA2426	0.0100558759913482	0.3770243887226611
BA2427	0.0086571737563085	0.2487293492662832
BA2429	0.0106452775775054	0.690325889549999
BA2440	0.01405010814708	0.5356840844484928
BA2441	0.0184354722422494	0.7302029319961062
BA2442	0.0116095890410958	1.0969196671436352
BA2446	0.0115392934390771	0.5564223790571079
BA2449	0.0213698630136986	0.4952481504863896
BA2450	0.0162040374909877	0.793522306332011
BA2452	0.0252541456380677	0.6322369881459458
BA2454	0.0121611391492429	0.994389302729212
BA2455	0.0087148521989906	0.3577336988671979
BA2456	0.0047837058399423	0.3510363620273707
BA2459	0.0067934390771449	0.2003764536503072
BA2461	0.0103262436914203	0.719928002806462
BA2463	0.0140356885364095	0.3282410442924443
BA2464	0.0198936553713049	0.9177460068560526
BA2469	0.0165843547224224	0.5135137764408566
BA2470	0.0112599134823359	0.7672646146274057
BA2472	0.0163428262436914	0.7883291727131246
BA2473	0.0219412400865176	0.4703795964573515
BA2474	0.0123521989906272	0.6384770931686569
BA2477	0.025086517664023	1.2128954864546306
BA2479	0.0077253064167267	0.5288333230379059
BA2480	0.023895097332372	0.7129529240627814
BA2481	0.0052072819033886	0.3219708108678858
BA2482	0.0118006488824801	0.7972993071568157
BA2483	0.0151604181687094	0.8684767656080312
BA2485	0.0216672674837779	0.7320926238652525
BA2488	0.0136697909156452	0.7345506643399472
BA2489	0.0131038211968276	0.2668519445854856
BA2492	0.007577505407354	0.1051667324217301
BA2494	0.0152487382840663	0.5719062500987909
BA2496	0.0059769286229271	0.4211246388024476
BA2497	0.0092682047584715	0.6113297504038312
BA2499	0.0128262436914203	0.3720931616293734
BA2500	0.0246304974765681	1.018973911617543
BA2501	0.0150558759913482	1.006922056652005
BA2502	0.0097837058399423	0.457046248273282
BA2505	0.0148648161499639	0.2725442137789134
BA2507	0.0108904109589041	0.4306115348165766
BA2510	0.016472602739726	0.4277787422567118
BA2511	0.0059480894015861	0.2695213549158898
BA2512	0.0125036049026676	1.089067834547099
BA2514	0.0112743330930064	0.2114212053901412
BA2515	0.0118655371304974	0.2576043140953101
BA2520	0.0036265320836337	0.2855548033479121
BA2521	0.0162959625090122	1.0599041036164918
BA2523	0.0194394376351838	0.7146994945863259
BA2524	0.0125360490266762	0.2003427434768929
BA2525	0.0119700793078586	0.6350839730146429
BA2526	0.0263968997837058	0.4402627215039099
BA2528	0.0154992790194664	1.0358889345180222
BA2532	0.0165176640230713	0.7338815702471899
BA2534	0.0232516222062004	0.971164536063506
BA2538	0.012586517664023	0.4355024892285144
BA2539	0.0068961788031723	0.5521599156491248
BA2540	0.0125937274693583	0.3420284688236063
BA2541	0.0059012256669069	0.7003002661233856
BA2545	0.0118186733958183	0.9079909490013598
BA2546	0.0096431146359048	0.6976918075216345
BA2552	0.0384967555875991	0.7873654495619674
BA2559	0.014059120403749	0.4326969729810573
BA2561	0.0080064888248017	0.5138199013847893
BA2563	0.0161067051189617	0.8555311270743183
BA2564	0.0097710886806056	0.4183635097903768
BA2567	0.0041636625811103	0.3423724239601633
BA2570	0.0145692141312184	0.6288829014699105
BA2575	0.0071935832732516	0.3370436746872612
BA2577	0.0213626532083633	0.9915352569546696
BA2579	0.0098648161499639	0.8802031472592037
BA2583	0.0164635904830569	0.2942112369985424
BA2584	0.0166005767844268	0.7627274336072438
BA2587	0.0186751982696467	1.205057301701156
BA2588	0.0140032444124008	0.9722987309732074
BA2589	0.0179704397981254	0.4181398492972104
BA2592	0.0183543619322278	0.6232858021238245
BA2593	0.0048125450612833	0.142818224052095
BA2594	0.0085021629416005	0.4805549428710522
BA2595	0.0101045421773612	0.4172510125105226
BA2597	0.0188248017303532	0.3776884747206824
BA2600	0.011598774333093	0.5397947650624235
BA2603	0.0146557317952415	1.050684693512998
BA2618	0.0207354001441961	1.0652722703309483
BA2619	0.0106759192501802	0.5515001950443476
BA2620	0.0146971881759192	0.5660127303006282
BA2621	0.009030281182408	0.1777115279686306
BA2622	0.0153731074260994	0.629693774067245
BA2623	0.0129217736121124	1.2645804085155237
BA2629	0.0102992069214131	0.67021252589461
BA2631	0.0144736842105263	0.997579073367638
BA2634	0.0064221341023792	0.3801522691369703
BA2636	0.008720259552992	0.3648361745398496
BA2639	0.0137959625090122	0.9477159722358126
BA2644	0.0111986301369863	0.9369820242252476
BA2645	0.0217844268204758	0.7414638575034888
BA2646	0.0225540735400144	1.0115930670733926
BA2649	0.0211121124729632	0.7115730787543636
BA2651	0.007761355443403	0.4592931484415491
BA2653	0.0130948089401586	0.4685050059870663
BA2655	0.0299783705839942	0.8593074678730177
BA2656	0.0079307858687815	0.5131652253248281
BA2657	0.0115537130497476	0.8470708016676068
BA2658	0.0126622206200432	0.8312391261618608
BA2659	0.0140519105984138	0.7734950272071314
BA2660	0.0080857966834895	0.3270017406662108
BA2662	0.0143330930064888	0.7627041231627456
BA2663	0.0116925018024513	0.4003506937216603
BA2667	0.0136445565969718	0.6129425718475765
BA2670	0.0059354722422494	0.4813783207691252
BA2674	0.0104379956741167	0.7687181571249073
BA2675	0.0151568132660418	0.8113595053711042
BA2676	0.0147981254506128	0.7193573525550655
BA2677	0.0095962509012256	0.5667215161278862
BA2681	0.0056380677721701	0.4483933448827679
BA2682	0.012732516222062	0.4748755832850639
BA2685	0.0221935832732516	0.4359618044479379
BA2688	0.0081380677721701	0.3715147055981204
BA2691	0.0082858687815428	0.5298562346016258
BA2694	0.0088482335976928	0.2415941298993631
BA2695	0.0070007209805335	0.2316621035192917
BA2697	0.0056218457101658	0.1575267063777224
BA2701	0.009388968997837	0.1618452152018476
BA2704	0.0232498197548666	0.7676063837391645
BA2705	0.0289185291997116	0.7736576649148497
BA2707	0.0052000720980533	0.6329757990340414
BA2709	0.008352559480894	0.2196434548768774
BA2712	0.0131182408074981	0.5471131137244087
BA2714	0.0148071377072819	0.8424220046636015
BA2715	0.0302505407354001	0.1437277798333531
BA2718	0.0331092285508291	1.0085745504043628
BA2720	0.0045331651045421	0.1712315941785472
BA2721	0.0158417447728911	1.0725682104889478
BA2722	0.0155623648161499	1.1069268131308236
BA2723	0.0153586878154289	0.1826604590740332
BA2724	0.008516582552271	0.3057249289627851
BA2726	0.008866258111031	0.5840164287445309
BA2727	0.0105082912761355	0.9825929682147588
BA2728	0.0145583994232155	0.7447206363185603
BA2731	0.0071449170872386	0.1865904817526001
BA2733	0.006016582552271	0.2574362455210003
BA2735	0.0094772891131939	0.6349829222408891
BA2737	0.0095133381398702	0.2506253326900557
BA2742	0.0109138428262436	0.7736266007962072
BA2744	0.0048918529199711	0.2817998694368267
BA2746	0.0107534246575342	0.631905850504119
BA2747	0.0102829848594087	0.3679079139684447
BA2748	0.0250684931506849	1.342212825544966
BA2751	0.0057804614275414	0.8229442526420047
BA2756	0.015416366258111	0.507571593859747
BA2758	0.0097909156452775	0.4598669904371535
BA2760	0.0199783705839942	0.6835505669211622
BA2762	0.0134895457822638	0.4825485109624962
BA2764	0.0110994953136265	0.6133337317726092
BA2765	0.0068673395818312	0.6306370432960933
BA2769	0.0132498197548666	0.4652807279971225
BA2772	0.0075180245133381	0.3841522518220695
BA2775	0.0131074260994953	1.1907239752641958
BA2776	0.0300306416726748	0.9423248130050992
BA2778	0.0114708002883922	0.3401668603916654
BA2782	0.0080569574621485	0.7494688209924599
BA2786	0.0120547945205479	0.4776643616979977
BA2787	0.0031254506128334	0.290641283315997
BA2789	0.026472602739726	0.8943239423534266
BA2791	0.0192880317231434	0.442458471635705
BA2792	0.0083723864455659	0.5115151934335709
BA2798	0.019176279740447	0.4329759994849712
BA2801	0.005706560922855	0.3067210055230073
BA2802	0.0085291997116077	0.573936865160349
BA2804	0.0094412400865176	0.170446813344629
BA2806	0.0151315789473684	0.6420939895116583
BA2808	0.006452775775054	0.5742700787229459
BA2809	0.0128298485940879	0.8794831697263603
BA2811	0.0167159336697909	0.8524947367441578
BA2812	0.006986301369863	0.4625337862484813
BA2813	0.0101748377793799	0.4773997261801715
BA2814	0.012141312184571	0.5664724402904385
BA2816	0.0128983417447728	0.2890188577703629
BA2817	0.0133705839942321	0.2587723535035405
BA2820	0.0195241528478731	0.6006519815518419
BA2821	0.0274477289113193	1.5932505414217375
BA2822	0.0146539293439077	0.6502510366644276
BA2824	0.0203262436914203	1.146245646298489
BA2828	0.0093727469358327	0.6465668208351835
BA2829	0.0157137707281903	1.0396997896868156
BA2830	0.0076910598413842	0.509429482650834
BA2832	0.0145367700072098	0.6203963392901296
BA2836	0.0119899062725306	0.3985883001655925
BA2837	0.0134246575342465	0.3072342495953248
BA2839	0.0310886806056236	0.6616800224821646
BA2840	0.0080533525594808	0.6959963424223748
BA2841	0.0249585436193222	0.6595215676184905
BA2842	0.0069790915645277	0.2585005185717561
BA2843	0.0125991348233597	0.6071812412333869
BA2844	0.0165176640230713	0.4711760829513648
BA2846	0.0267069214131218	0.8171694507926155
BA2850	0.0103568853640951	0.6504490984178654
BA2851	0.0235832732516222	1.188751509195326
BA2852	0.0104434030281182	0.5743105423974707
BA2855	0.0142087238644556	0.385261099026963
BA2856	0.0061751982696467	0.2421285176151298
BA2858	0.0095602018745493	0.2411778582421786
BA2860	0.0067519826964671	0.5303996637063115
BA2861	0.0149585436193222	0.6536905046643704
BA2865	0.0138139870223503	0.9540392160453128
BA2866	0.0177505407354001	0.9012156227995938
BA2867	0.0181416726748377	0.8976979806378012
BA2868	0.022945205479452	1.0379847585906337
BA2870	0.0288085796683489	0.9936846175995574
BA2871	0.0117988464311463	0.8511974187329954
BA2872	0.011559120403749	0.707792091033332
BA2876	0.0157948810382119	0.3989524088456303
BA2879	0.0138914924297043	0.297421874021095
BA2880	0.0088518385003604	0.5356738770424224
BA2882	0.0111085075702956	0.6212260565521882
BA2883	0.0226189617880317	0.4705566415467699
BA2885	0.0144754866618601	0.9849830559671534
BA2887	0.0185832732516222	0.857727828629967
BA2889	0.0001099495313626	0.0077231568138349
BA2893	0.0105371304974765	0.6559454148337351
BA2901	0.0094160057678442	0.3451128092502922
BA2902	0.0132930785868781	0.3911566279163193
BA2903	0.0040879596250901	0.2136332472596037
BA2904	0.0122098053352559	0.9846723323593634
BA2905	0.0205587599134823	0.5857472513716083
BA2906	0.0187761355443403	0.7512181012731907
BA2908	0.0214978370583994	1.1552198975822503
BA2909	0.0079055515501081	0.5388399834469272
BA2910	0.0172152126892573	0.7928310626313445
BA2911	0.0161535688536409	0.938300917970714
BA2914	0.0139798125450612	0.8987440017397245
BA2915	0.0079091564527757	0.1386142412770874
BA2921	0.0102000720980533	0.4187113136207039
BA2922	0.017528839221341	0.7091874508927917
BA2923	0.0063229992790194	0.4507961489943125
BA2926	0.0152487382840663	0.9497780278741378
BA2928	0.0180551550108147	0.6897333676858532
BA2930	0.0134913482335976	0.6191493143257685
BA2932	0.0167591925018024	1.1369558392657064
BA2934	0.0065338860850757	0.4876285594339883
BA2935	0.0084967555875991	0.3149771688277997
BA2937	0.0097638788752703	0.7365515719123624
BA2939	0.0099242970439798	0.397878640054376
BA2944	0.020232516222062	1.5217382090163467
BA2947	0.0107516222062004	0.4438669899696129
BA2948	0.0091474405191059	0.4087815251363007
BA2950	0.0101117519826964	0.8187262497680479
BA2951	0.0080299206921413	0.2284500269558902
BA2952	0.0254001441961067	1.030047307482726
BA2953	0.0064059120403749	0.3309987537449803
BA2955	0.0074098774333093	0.5351482000717063
BA2956	0.0048413842826243	0.139520198242195
BA2962	0.0184571016582552	0.9808417812582988
BA2970	0.0105118961788031	0.5036399308703546
BA2972	0.0217393655371304	0.9798450408292048
BA2976	0.0060994953136265	0.6028620145065863
BA2978	0.0098107426099495	0.6113616111745246
BA2981	0.0137527036770007	0.1679182596041966
BA2984	0.0127253064167267	0.5840697582021659
BA2986	0.0124855803893294	0.8465536532599288
BA2989	0.018972602739726	0.9500910485998224
BA2992	0.0137328767123287	0.327181066405114
BA2993	0.0062509012256669	0.4829622388788064
BA2994	0.0163446286950252	0.629942327450257
BA2995	0.0128929343907714	0.9303756376583164
BA2999	0.0155875991348233	0.941904372844354
BA3001	0.0230966113914924	1.1297566183224013
BA3002	0.0170007209805335	1.0033366204646197
BA3004	0.0253803172314347	0.7720467828067623
BA3006	0.0083777937995674	0.7927130109261379
BA3008	0.0010868781542898	0.0572628988845525
BA3009	0.0132912761355443	0.6525414407057805
BA3010	0.0096232876712328	0.4132948984691718
BA3011	0.0240374909877433	0.6320868436863208
BA3013	0.0143240807498197	0.8077371324103334
BA3023	0.0165969718817591	0.3638616595525633
BA3025	0.0182480173035328	1.0362032622318185
BA3027	0.0054902667627974	0.3417676497273417
BA3029	0.0092357606344628	0.3642006751788224
BA3030	0.0145746214852198	1.0711266863392537
BA3037	0.0189149242970439	0.5956821371552574
BA3038	0.0169196106705118	0.9179067753585024
BA3040	0.0160490266762797	0.5026434744701002
BA3042	0.0222819033886085	0.9205342840379752
BA3043	0.0070421773612112	0.5794059720105154
BA3049	0.0035255948089401	0.2281808295077271
BA3051	0.0110310021629416	0.2840758117213043
BA3053	0.0164708002883922	1.0949567999330478
BA3064	0.0178640951694304	0.9607896677092154
BA3067	0.0239329488103821	0.9918316592514482
BA3068	0.0234066330209084	1.020780704103302
BA3070	0.0086355443403028	0.574694557876182
BA3071	0.0194971160778659	1.0293711011062574
BA3072	0.021346431146359	0.8703038703517458
BA3075	0.0129073540014419	0.4903792089489843
BA3076	0.0033759913482335	0.201122000050149
BA3077	0.0144196106705118	0.971701342363852
BA2040	0.0086806056236481	0.3830735464125089
BA2160	0.0166672674837779	0.834811599283835
BA2303	0.0109228550829127	0.7887853066546309
BA2353	0.0162563085796683	1.2251938359789938
BA2516	0.0162851478010093	0.8211954873927654
BA2590	0.0327685652487382	0.7437912131610772
BA2647	0.0120223503965392	0.3917225921475092
BA2891	0.009543979812545	0.4846839420068057
BA2924	0.0133219178082191	0.4772689769507844
BA2971	0.0093204758471521	0.4288909839320146
BA3036	0.0145259552992069	0.7860122364877135
BA3059	0.015571377072819	0.3395832456452598
BA3073	0.0136878154289834	0.6571347364721937
BA3078	0.0171070656092285	1.3658500750105644
BA3079	0.0097873107426099	0.4153015229213788
BA3083	0.0143294881038211	1.002743932759991
BA3084	0.0100558759913482	1.06164915251271
BA3085	0.0095872386445565	0.5981384695678222
BA3087	0.0460724585436193	2.1066792225389377
BA3089	0.0248864455659697	0.9808986169540108
BA3094	0.0194214131218457	0.6985866311314569
BA3095	0.0163680605623648	1.1582208546805977
BA3098	0.0141834895457822	0.8730373801549453
BA3099	0.0234228550829127	2.091691892133146
BA3103	0.0260598413842826	0.5201519555397366
BA3108	0.0228857245854361	1.3186577719944046
BA3109	0.0128082191780821	0.3854827405414514
BA3110	0.0175684931506849	0.4506962120440976
BA3114	0.0120421773612112	0.5503188034054971
BA3116	0.0108183129055515	0.2555189897783076
BA3117	0.030697548666186	1.3234144165179689
BA3118	0.0119214131218457	0.535806694279694
BA3119	0.0342880317231434	1.3708236065189896
BA3123	0.0154091564527757	1.0568763266236036
BA3124	0.0086968276856524	1.0558900937319446
BA3126	0.0155641672674837	0.4105924168990016
BA3128	0.0190338860850757	0.352161916424787
BA3130	0.0098792357606344	0.345527098295383
BA3133	0.0151586157173756	0.4230723433751772
BA3135	0.0262274693583273	0.9784490868390512
BA3136	0.015542537851478	1.2890693309676708
BA3137	0.0138572458543619	0.7736844474497608
BA3138	0.0158543619322278	0.6337205169804405
BA3139	0.0150522710886806	2.158207664275008
BA3141	0.0224477289113193	1.4100850338383857
BA3142	0.0263806777217015	1.3793446437145047
BA3145	0.0116618601297764	0.5731269266191928
BA3146	0.0169232155731795	0.9516171782816542
BA3149	0.0144826964671953	0.4005269233897465
BA3152	0.0138248017303532	0.9912570520269832
BA3153	0.0316888968997837	1.2861636260674894
BA3154	0.0201856524873828	0.3651016817934308
BA3156	0.0050630857966834	0.4989648070237195
BA3157	0.0243006488824801	0.9164148779190062
BA3158	0.015192862292718	0.6695268711591187
BA3162	0.0246665465032444	0.6501770087298845
BA3163	0.0108471521268925	0.6569623428732524
BA3164	0.0192736121124729	1.609197165319691
BA3167	0.0217844268204758	0.8995166785845066
BA3169	0.0142862292718096	0.4827906404499495
BA3171	0.0217898341744772	0.9140195837353756
BA3173	0.0176514059120403	0.5172053887894854
BA3174	0.0074242970439798	0.3789494702718998
BA3175	0.0070782263878875	0.4881384881848669
BA3176	0.0175648882480173	1.1181339749112909
BA3177	0.0181578947368421	1.4460073339980244
BA3178	0.018866258111031	0.6786886928312442
BA3180	0.0314023071377072	1.0219961740093575
BA3181	0.0079632299927901	0.5809696938534038
BA3182	0.0166888968997837	0.8690264024372075
BA3183	0.0248089401586157	1.2471966280920814
BA3185	0.0126496034607065	0.6090374266339081
BA3186	0.0253749098774333	0.5285032419964659
BA3187	0.0107930785868781	0.3848128364440085
BA3189	0.0150558759913482	1.6903578458486428
BA3190	0.0103731074260994	0.464041475454476
BA3191	0.0097116077865897	0.6213725843324005
BA3192	0.016888968997837	0.4333985045198983
BA3194	0.0324909877433309	1.6372780050841291
BA3195	0.0149477289113193	0.6523940348501944
BA3197	0.0242429704397981	0.6355804640246097
BA3199	0.025270367700072	1.540416522862782
BA3200	0.0230785868781542	1.1163367689096604
BA3202	0.0192880317231434	0.2615493788768105
BA3203	0.0158597692862292	0.4962176526389544
BA3206	0.0162743330930064	0.8764515714035761
BA3207	0.0133020908435472	0.822249658669224
BA3208	0.0090915645277577	1.1062484560967225
BA3210	0.0217123287671232	0.2143012794643916
BA3211	0.0179812545061283	0.7598930138644573
BA3212	0.0332281903388608	1.2744195729111814
BA3213	0.0166149963950973	0.6560287139855997
BA3214	0.009592645998558	0.9538587876373076
BA3216	0.0157137707281903	0.6663664389507828
BA3217	0.0261878154289834	0.5426866807267049
BA3219	0.0107354001441961	0.9389443954235048
BA3221	0.0088698630136986	0.5624165528408105
BA3222	0.0215771449170872	1.7309460501266425
BA3225	0.0116240086517664	0.993687045702338
BA3226	0.0166204037490987	0.7998384231459544
BA3227	0.0285291997116077	0.915942502747898
BA3228	0.0207173756308579	1.7571593717041143
BA3229	0.0180821917808219	1.0938951645370834
BA3230	0.0169899062725306	0.8119645113092011
BA3232	0.0152343186733958	1.099622000906614
BA3234	0.0154217736121124	1.4047468690018987
BA3235	0.0098558038932948	0.7524616521130967
BA3237	0.013042537851478	0.6001925633420199
BA3240	0.0435886806056236	1.5426479958821475
BA3242	0.0128731074260994	0.9986970506172616
BA3243	0.0143330930064888	0.941210529680764
BA3245	0.0212076423936553	1.15000157498347
BA3249	0.0218637346791636	0.7375721450667794
BA3250	0.0191041816870944	1.304063904777712
BA3251	0.0130353280461427	0.5362886400305416
BA3255	0.0108309300648882	1.290370760754692
BA3258	0.0105461427541456	1.1045910373755676
BA3260	0.0103064167267483	0.5788426708148067
BA3261	0.0220511896178803	0.7740670400808912
BA3264	0.029127613554434	1.2529276763990769
BA3266	0.0226856524873828	1.34853643033237
BA3268	0.0360526315789473	1.2817996376882823
BA3269	0.0187328767123287	0.3961024272961804
BA3270	0.0144881038211968	1.0383734498216193
BA3271	0.02060021629416	1.2742884224866329
BA3273	0.0321178803172314	0.2506958352904084
BA3275	0.028923936553713	0.9391228007329973
BA3277	0.0209318673395818	0.4254531598160873
BA3280	0.020474044700793	0.364877141984806
BA3283	0.0126387887527036	0.6446096056828241
BA3285	0.0137274693583273	1.7706263836466425
BA3286	0.0178496755587599	1.0167467451296412
BA3289	0.00443763518385	0.1570687875090279
BA3290	0.012072819033886	0.8781862275434096
BA3293	0.0246773612112472	1.491413200709424
BA3295	0.0183255227108868	1.1110202504770454
BA3296	0.0086697909156452	0.7684160080158844
BA3297	0.029592645998558	1.4174860800398186
BA3299	0.0119646719538572	0.3307165634686039
BA3300	0.0211211247296323	0.7997969355402579
BA3302	0.0303640951694304	2.244845401715573
BA3305	0.0147007930785868	0.8448327149285455
BA3306	0.0206741167988464	0.4286939893348669
BA3308	0.0207624369142033	0.921296961316458
BA3310	0.0220061283345349	0.7671511899559397
BA3311	0.0114113193943763	0.837196314718458
BA3312	0.0251261715933669	1.1439127604096484
BA3315	0.0143006488824801	0.8385720646710365
BA3317	0.0217303532804614	1.1107672101163226
BA3318	0.0297746935832732	0.8755253637998338
BA3319	0.0158723864455659	0.9739186809954306
BA3322	0.0114095169430425	0.8817020077612676
BA3324	0.0199585436193222	1.015430462961365
BA3325	0.008613914924297	0.5127266096078986
BA3326	0.0136049026676279	0.4502925012896293
BA3328	0.0238320115356885	1.3372365370718395
BA3329	0.0240699351117519	0.8685102420060549
BA3332	0.0214257390050468	0.855392890029404
BA3333	0.0258345349675558	0.795465219711367
BA3334	0.0063284066330209	0.2477992709135579
BA3335	0.0219340302811824	0.8513456549163455
BA3339	0.0081434751261715	0.7447423696526203
BA3341	0.0315843547224224	0.8380700369046538
BA3345	0.0086535688536409	0.3863521163060174
BA3347	0.0091204037490987	0.3143224754099394
BA3351	0.02288752703677	0.8684317113272224
BA3352	0.0120475847152126	0.6286771525265523
BA3353	0.0246917808219178	1.658833589741061
BA3357	0.0200486661860129	1.2142127760438362
BA3362	0.0155894015861571	1.0459285197912025
BA3367	0.0081957462148521	0.5765777530777926
BA3369	0.0196160778658976	1.2769876081398006
BA3371	0.0122458543619322	0.4091191559897777
BA3373	0.0306218457101658	1.1151384683482484
BA3374	0.0103550829127613	0.5900187575219461
BA3375	0.0152433309300648	0.5957931136009081
BA3376	0.0162545061283345	1.4501362932703936
BA3379	0.0181542898341744	1.0620976518427256
BA3380	0.0142591925018024	0.5102617388624302
BA3381	0.0167501802451333	1.1226362863028323
BA3384	0.0072999279019466	1.0614366114340876
BA3385	0.0116690699351117	1.1095973631617837
BA3386	0.0239509733237202	1.5575392731019675
BA3388	0.0093096611391492	0.3752873164138545
BA3390	0.0079866618601297	0.539855571973829
BA3394	0.0117916366258111	0.4464537425301987
BA3395	0.0144935111751982	0.4170702937486195
BA3397	0.0168493150684931	1.00084874153998
BA3399	0.0047422494592646	0.2476010283360536
BA3400	0.0321106705118961	0.5239040055130919
BA3403	0.0235742609949531	1.6690065235898457
BA3405	0.0131092285508291	0.755564939467662
BA3406	0.0152865897620764	0.6228995202036383
BA3407	0.0167718096611391	0.3789408011969382
BA3408	0.0113987022350396	0.7278309778585809
BA3410	0.015310021629416	0.4342060024894237
BA3411	0.0167411679884643	1.1277306989607734
BA3412	0.0209841384282624	0.7973438152360688
BA3413	0.0226099495313626	1.109977998102631
BA3415	0.0468709444844989	1.8061766102943253
BA3416	0.0243979812545061	1.1980156089592098
BA3417	0.0155136986301369	0.8486656221311062
BA3418	0.0136211247296322	0.5384452232400895
BA3421	0.0068943763518385	0.3860614318803303
BA3422	0.025726387887527	0.6051527127793578
BA3423	0.0239113193943763	0.6201473878740976
BA3427	0.0089401586157173	0.8793286972826695
BA3430	0.0045998558038932	0.2599465725088933
BA3431	0.0114131218457101	0.4403427220876755
BA3433	0.0253460706560922	0.9001813486993171
BA3434	0.0106434751261715	0.8974133151603869
BA3435	0.0162527036770007	0.9501424837662548
BA3436	0.0194935111751982	1.1537906627360213
BA3438	0.026249098774333	0.9089872508637238
BA3445	0.0117375630857966	0.793368507745835
BA3446	0.0113987022350396	0.8061959219759268
BA3447	0.0030984138428262	0.1480372647457819
BA3448	0.0086860129776496	0.9632300979149456
BA3449	0.0130155010814708	0.959067801140818
BA3450	0.0171034607065609	0.5367237832922054
BA3451	0.0128244412400865	0.7223986821691403
BA3452	0.0115663302090843	0.671778696043394
BA3453	0.0135562364816149	0.3452962232876109
BA3454	0.0264077144917087	2.0241844344990407
